top_n,fold,test_period,gross_return_pct,total_costs_pct,net_return_pct,sharpe,sortino,max_drawdown,turnover,avg_holding_period_hours
1,1,2025-06-08 to 2025-07-07,12.68,3.12,9.56,2.05,3.26,16.71,1.8035,26.58
1,2,2025-07-09 to 2025-08-07,15.55,3.12,12.43,2.21,3.24,11.42,1.8035,26.58
1,3,2025-08-09 to 2025-09-07,6.76,3.12,3.64,0.98,1.52,14.88,1.8035,26.58
1,4,2025-09-08 to 2025-10-07,5.11,3.12,1.99,0.72,0.99,22.1,1.8035,26.58
1,5,2025-10-09 to 2025-11-07,-8.98,3.24,-12.22,-1.65,-2.3,22.32,1.8728,25.59
2,1,2025-06-08 to 2025-07-07,10.44,3.17,7.27,1.92,3.07,11.52,1.8319,27.1
2,2,2025-07-09 to 2025-08-07,9.3,3.08,6.21,1.46,2.09,18.24,1.7828,28.2
2,3,2025-08-09 to 2025-09-07,5.24,3.05,2.2,0.77,1.14,10.92,1.7626,28.2
2,4,2025-09-08 to 2025-10-07,6.49,2.99,3.49,1.07,1.59,18.29,1.729,28.79
2,5,2025-10-09 to 2025-11-07,4.15,2.83,1.32,0.6,0.91,20.8,1.6354,30.71
3,1,2025-06-08 to 2025-07-07,9.59,3.0,6.59,1.84,2.83,15.21,1.7361,28.79
3,2,2025-07-09 to 2025-08-07,7.43,2.8,4.64,1.21,1.72,18.77,1.6168,31.41
3,3,2025-08-09 to 2025-09-07,9.29,2.91,6.38,1.67,2.57,10.96,1.6823,30.04
3,4,2025-09-08 to 2025-10-07,8.45,2.81,5.64,1.64,2.4,17.07,1.6253,30.94
3,5,2025-10-09 to 2025-11-07,-0.08,2.75,-2.83,-0.17,-0.24,16.71,1.592,31.89
4,1,2025-06-08 to 2025-07-07,1.1,2.74,-1.63,-0.13,-0.2,18.25,1.5814,31.77
4,2,2025-07-09 to 2025-08-07,12.88,2.48,10.41,2.34,3.32,16.35,1.4324,35.9
4,3,2025-08-09 to 2025-09-07,5.36,2.65,2.71,0.91,1.43,10.35,1.5326,33.3
4,4,2025-09-08 to 2025-10-07,2.46,2.63,-0.17,0.22,0.32,20.0,1.5192,33.3
4,5,2025-10-09 to 2025-11-07,-11.34,2.6,-13.94,-2.35,-3.06,26.46,1.5035,34.12
