symbol,selection_pct_24h,selection_pct_48h,gross_contrib_24h_pct,gross_contrib_48h_pct,avg_hold_24h_hours,avg_hold_48h_hours
LTCUSDT,20.0,25.33,17.58,24.89,27.7,73.7
BNBUSDT,13.79,9.33,0.41,18.43,24.0,48.0
SUIUSDT,12.41,10.67,14.91,16.15,27.0,48.0
XRPUSDT,19.31,16.0,-0.52,13.01,35.4,52.4
DOTUSDT,12.41,13.33,5.3,12.95,30.9,53.3
ADAUSDT,12.41,10.67,15.26,9.39,30.9,48.0
LINKUSDT,13.79,18.67,-12.45,7.48,29.8,46.0
AVAXUSDT,14.48,14.67,-11.58,7.38,31.0,52.4
BTCUSDT,13.1,16.0,-0.3,5.47,26.6,45.7
DOGEUSDT,16.55,18.67,3.11,3.85,27.2,46.0
SOLUSDT,21.38,17.33,8.81,-5.33,27.4,54.2
NEARUSDT,15.86,18.67,2.5,-6.24,28.4,49.0
ETHUSDT,14.48,10.67,-0.23,-8.79,28.0,48.0
