removed_asset,fold,test_period,net_return_pct,sharpe,max_drawdown,turnover,total_costs_pct
BTCUSDT,1,2025-06-08 to 2025-07-07,8.53,2.13,12.24,1.8667,3.23
BTCUSDT,2,2025-07-09 to 2025-08-07,1.82,0.69,19.83,1.7484,3.02
BTCUSDT,3,2025-08-09 to 2025-09-07,3.28,0.98,10.79,1.7663,3.06
BTCUSDT,4,2025-09-08 to 2025-10-07,3.0,0.96,18.69,1.6965,2.93
BTCUSDT,5,2025-10-09 to 2025-11-07,3.18,0.92,19.43,1.6009,2.77
ETHUSDT,1,2025-06-08 to 2025-07-07,5.71,1.56,13.76,1.7992,3.11
ETHUSDT,2,2025-07-09 to 2025-08-07,9.58,2.02,16.98,1.7835,3.09
ETHUSDT,3,2025-08-09 to 2025-09-07,2.14,0.75,14.08,1.695,2.93
ETHUSDT,4,2025-09-08 to 2025-10-07,12.03,2.74,15.28,1.7627,3.05
ETHUSDT,5,2025-10-09 to 2025-11-07,10.24,2.11,13.83,1.637,2.83
SOLUSDT,1,2025-06-08 to 2025-07-07,-7.28,-1.24,19.36,1.8226,3.15
SOLUSDT,2,2025-07-09 to 2025-08-07,5.61,1.33,20.86,1.74,3.01
SOLUSDT,3,2025-08-09 to 2025-09-07,-1.97,-0.07,13.46,1.7591,3.04
SOLUSDT,4,2025-09-08 to 2025-10-07,6.05,1.6,18.63,1.69,2.92
SOLUSDT,5,2025-10-09 to 2025-11-07,-12.13,-1.73,28.12,1.6028,2.77
BNBUSDT,1,2025-06-08 to 2025-07-07,6.72,1.78,12.93,1.7968,3.11
BNBUSDT,2,2025-07-09 to 2025-08-07,11.72,2.37,15.96,1.6438,2.84
BNBUSDT,3,2025-08-09 to 2025-09-07,0.34,0.39,12.66,1.6973,2.94
BNBUSDT,4,2025-09-08 to 2025-10-07,3.76,1.12,18.08,1.7269,2.99
BNBUSDT,5,2025-10-09 to 2025-11-07,7.03,1.58,12.91,1.5621,2.7
XRPUSDT,1,2025-06-08 to 2025-07-07,14.77,3.45,11.89,1.8651,3.23
XRPUSDT,2,2025-07-09 to 2025-08-07,11.22,2.19,20.61,1.7335,3.0
XRPUSDT,3,2025-08-09 to 2025-09-07,3.99,1.11,12.98,1.769,3.06
XRPUSDT,4,2025-09-08 to 2025-10-07,3.43,1.04,18.98,1.7288,2.99
XRPUSDT,5,2025-10-09 to 2025-11-07,-18.69,-2.82,33.44,1.6386,2.83
DOGEUSDT,1,2025-06-08 to 2025-07-07,10.9,2.74,11.09,1.7638,3.05
DOGEUSDT,2,2025-07-09 to 2025-08-07,6.49,1.51,18.29,1.713,2.96
DOGEUSDT,3,2025-08-09 to 2025-09-07,0.77,0.47,13.78,1.6615,2.87
DOGEUSDT,4,2025-09-08 to 2025-10-07,4.77,1.38,17.63,1.6945,2.93
DOGEUSDT,5,2025-10-09 to 2025-11-07,3.37,0.96,20.18,1.6383,2.83
ADAUSDT,1,2025-06-08 to 2025-07-07,7.15,1.92,11.45,1.8335,3.17
ADAUSDT,2,2025-07-09 to 2025-08-07,4.96,1.24,18.24,1.7481,3.02
ADAUSDT,3,2025-08-09 to 2025-09-07,3.81,1.1,13.34,1.6926,2.93
ADAUSDT,4,2025-09-08 to 2025-10-07,1.1,0.54,18.94,1.7341,3.0
ADAUSDT,5,2025-10-09 to 2025-11-07,1.77,0.68,21.06,1.6354,2.83
AVAXUSDT,1,2025-06-08 to 2025-07-07,7.09,1.92,12.21,1.7983,3.11
AVAXUSDT,2,2025-07-09 to 2025-08-07,11.88,2.4,14.06,1.7109,2.96
AVAXUSDT,3,2025-08-09 to 2025-09-07,11.22,2.52,10.92,1.7675,3.06
AVAXUSDT,4,2025-09-08 to 2025-10-07,7.45,1.95,16.93,1.7983,3.11
AVAXUSDT,5,2025-10-09 to 2025-11-07,9.08,1.93,18.67,1.7009,2.94
LINKUSDT,1,2025-06-08 to 2025-07-07,7.41,1.96,11.67,1.7631,3.05
LINKUSDT,2,2025-07-09 to 2025-08-07,3.9,1.07,17.64,1.7493,3.03
LINKUSDT,3,2025-08-09 to 2025-09-07,7.25,1.84,11.85,1.7668,3.06
LINKUSDT,4,2025-09-08 to 2025-10-07,4.77,1.35,17.95,1.7308,2.99
LINKUSDT,5,2025-10-09 to 2025-11-07,8.06,1.74,15.53,1.7022,2.94
NEARUSDT,1,2025-06-08 to 2025-07-07,7.78,2.08,10.01,1.8285,3.16
NEARUSDT,2,2025-07-09 to 2025-08-07,6.73,1.54,18.24,1.7476,3.02
NEARUSDT,3,2025-08-09 to 2025-09-07,7.2,1.77,11.02,1.8337,3.17
NEARUSDT,4,2025-09-08 to 2025-10-07,3.57,1.11,19.75,1.658,2.87
NEARUSDT,5,2025-10-09 to 2025-11-07,-6.09,-0.8,19.12,1.5991,2.77
LTCUSDT,1,2025-06-08 to 2025-07-07,7.58,1.94,11.9,1.832,3.17
LTCUSDT,2,2025-07-09 to 2025-08-07,-8.4,-1.37,22.8,1.716,2.97
LTCUSDT,3,2025-08-09 to 2025-09-07,-1.07,0.09,11.97,1.7302,2.99
LTCUSDT,4,2025-09-08 to 2025-10-07,1.23,0.57,18.71,1.6593,2.87
LTCUSDT,5,2025-10-09 to 2025-11-07,0.45,0.44,20.56,1.6713,2.89
DOTUSDT,1,2025-06-08 to 2025-07-07,11.26,2.75,11.31,1.8691,3.23
DOTUSDT,2,2025-07-09 to 2025-08-07,6.75,1.54,18.61,1.8219,3.15
DOTUSDT,3,2025-08-09 to 2025-09-07,2.75,0.89,10.92,1.765,3.05
DOTUSDT,4,2025-09-08 to 2025-10-07,0.9,0.5,18.29,1.7293,2.99
DOTUSDT,5,2025-10-09 to 2025-11-07,-1.45,0.11,22.97,1.603,2.77
SUIUSDT,1,2025-06-08 to 2025-07-07,5.65,1.64,12.27,1.7958,3.11
SUIUSDT,2,2025-07-09 to 2025-08-07,4.7,1.19,17.98,1.7817,3.08
SUIUSDT,3,2025-08-09 to 2025-09-07,1.01,0.52,10.92,1.8339,3.17
SUIUSDT,4,2025-09-08 to 2025-10-07,-0.55,0.16,19.07,1.7327,3.0
SUIUSDT,5,2025-10-09 to 2025-11-07,3.16,0.92,19.36,1.6009,2.77
