removed_asset,mean_net_return_pct,mean_sharpe,mean_max_dd_pct,mean_daily_turnover,mean_costs_pct,profitable_folds
BTCUSDT,3.96,1.14,16.2,1.7358,3.0,5/5
ETHUSDT,7.94,1.84,14.79,1.7355,3.0,5/5
SOLUSDT,-1.94,-0.02,20.09,1.7229,2.98,2/5
BNBUSDT,5.91,1.45,14.51,1.6854,2.92,5/5
XRPUSDT,2.94,0.99,19.58,1.747,3.02,4/5
DOGEUSDT,5.26,1.41,16.19,1.6942,2.93,5/5
ADAUSDT,3.76,1.1,16.61,1.7287,2.99,5/5
AVAXUSDT,9.34,2.14,14.56,1.7552,3.04,5/5
LINKUSDT,6.28,1.59,14.93,1.7424,3.01,5/5
NEARUSDT,3.84,1.14,15.63,1.7334,3.0,4/5
LTCUSDT,-0.04,0.33,17.19,1.7218,2.98,3/5
DOTUSDT,4.04,1.16,16.42,1.7577,3.04,4/5
SUIUSDT,2.79,0.89,15.92,1.749,3.03,4/5
