experiment,fold,frequency,interval_bars,test_period,lo_return_pct,lo_gross_return_pct,lo_costs_pct,lo_sharpe,lo_max_dd,lo_daily_turnover,lo_avg_hold_hours,ls_return_pct,ls_gross_return_pct,ls_costs_pct,ls_sharpe,ls_max_dd,ls_daily_turnover,ls_avg_hold_hours
CS-RB-001,1,1H,1,2025-06-08 to 2025-07-07,-23.94,9.55,33.49,-5.89,26.38,19.3589,2.48,-42.25,27.78,70.04,-10.74,42.35,40.4838,2.45
CS-RB-004,1,4H,4,2025-06-08 to 2025-07-07,0.06,11.74,11.67,0.31,16.47,6.7484,7.16,2.16,26.29,24.13,0.77,16.78,13.9474,7.57
CS-RB-012,1,12H,12,2025-06-08 to 2025-07-07,11.36,16.68,5.32,2.64,15.15,3.0749,15.89,5.83,16.78,10.94,1.44,13.64,6.3259,18.68
CS-RB-024,1,24H,24,2025-06-08 to 2025-07-07,7.27,10.44,3.17,1.92,11.52,1.8319,27.1,2.0,8.54,6.53,0.75,15.4,3.7761,34.12
CS-RB-001,2,1H,1,2025-07-09 to 2025-08-07,-5.42,31.87,37.29,-0.59,22.51,21.5528,2.23,-40.55,35.4,75.95,-8.16,44.89,43.9018,2.27
CS-RB-004,2,4H,4,2025-07-09 to 2025-08-07,-3.72,8.63,12.35,-0.32,19.28,7.1402,6.77,-28.82,-3.46,25.36,-5.39,35.37,14.6587,7.2
CS-RB-012,2,12H,12,2025-07-09 to 2025-08-07,-1.2,4.27,5.48,0.14,20.54,3.1662,15.53,-22.79,-11.8,10.99,-4.1,27.61,6.3546,18.8
CS-RB-024,2,24H,24,2025-07-09 to 2025-08-07,6.21,9.3,3.08,1.46,18.24,1.7828,28.2,-8.88,-2.22,6.66,-1.13,17.29,3.8504,35.9
CS-RB-001,3,1H,1,2025-08-09 to 2025-09-07,-29.68,7.83,37.51,-6.74,37.33,21.6814,2.21,-51.9,24.74,76.64,-14.37,53.94,44.2989,2.26
CS-RB-004,3,4H,4,2025-08-09 to 2025-09-07,-18.01,-5.3,12.71,-3.61,24.94,7.3457,6.58,-32.16,-6.43,25.73,-7.51,32.94,14.8737,7.05
CS-RB-012,3,12H,12,2025-08-09 to 2025-09-07,-0.33,5.0,5.33,0.26,11.65,3.0786,15.89,-10.49,0.45,10.94,-2.11,20.67,6.3251,19.06
CS-RB-024,3,24H,24,2025-08-09 to 2025-09-07,2.2,5.24,3.05,0.77,10.92,1.7626,28.2,-6.75,-0.83,5.92,-1.23,16.85,3.4217,36.37
CS-RB-001,4,1H,1,2025-09-08 to 2025-10-07,-30.15,9.33,39.48,-7.87,32.24,22.8198,2.1,-56.52,17.9,74.42,-17.96,57.34,43.0168,2.32
CS-RB-004,4,4H,4,2025-09-08 to 2025-10-07,-5.9,6.73,12.64,-1.16,15.91,7.304,6.61,-17.93,6.59,24.52,-4.27,24.36,14.1761,7.47
CS-RB-012,4,12H,12,2025-09-08 to 2025-10-07,1.02,6.83,5.81,0.52,14.68,3.3576,14.55,-15.51,-4.78,10.73,-3.6,21.7,6.203,18.68
CS-RB-024,4,24H,24,2025-09-08 to 2025-10-07,3.49,6.49,2.99,1.07,18.29,1.729,28.79,0.48,6.57,6.09,0.42,11.94,3.5226,35.9
CS-RB-001,5,1H,1,2025-10-09 to 2025-11-07,-47.18,-9.18,38.0,-6.97,51.16,21.9662,2.19,-52.24,24.6,76.84,-10.1,58.4,44.4156,2.25
CS-RB-004,5,4H,4,2025-10-09 to 2025-11-07,-25.64,-12.87,12.77,-4.13,31.07,7.3834,6.55,-16.36,10.77,27.13,-2.22,29.6,15.6822,6.88
CS-RB-012,5,12H,12,2025-10-09 to 2025-11-07,1.64,6.68,5.05,0.67,20.47,2.9163,16.85,29.56,40.5,10.94,4.63,14.78,6.3252,19.06
CS-RB-024,5,24H,24,2025-10-09 to 2025-11-07,1.32,4.15,2.83,0.6,20.8,1.6354,30.71,34.03,40.11,6.08,5.09,18.02,3.514,37.35
