symbol,selection_count,selection_rate_pct,avg_weight_when_selected_pct,avg_portfolio_weight_pct,max_weight_pct,min_weight_pct,gross_return_contribution_pct,net_return_contribution_pct,win_periods_count,loss_periods_count,worst_step_contribution_pct,best_step_contribution_pct,share_of_positive_gross_pct
LTCUSDT,19,26.03,50.0,13.01,50.0,50.0,24.89,24.2,14,5,-1.7649,4.2848,19.3
LINKUSDT,14,19.18,50.0,9.59,50.0,50.0,9.69,8.85,11,3,-1.6538,3.7917,7.51
NEARUSDT,13,17.81,50.0,8.9,50.0,50.0,-3.97,-4.66,7,6,-1.5992,3.7822,-3.08
DOGEUSDT,13,17.81,50.0,8.9,50.0,50.0,9.99,9.15,5,8,-2.1811,6.1401,7.74
BTCUSDT,12,16.44,50.0,8.22,50.0,50.0,6.21,5.49,10,2,-0.8842,1.7263,4.81
XRPUSDT,12,16.44,50.0,8.22,50.0,50.0,13.01,12.35,8,4,-1.8256,2.8975,10.09
SOLUSDT,12,16.44,50.0,8.22,50.0,50.0,-3.87,-4.53,4,8,-1.4564,1.4613,-3.0
DOTUSDT,10,13.7,50.0,6.85,50.0,50.0,12.95,12.41,8,2,-1.108,1.247,10.04
AVAXUSDT,10,13.7,50.0,6.85,50.0,50.0,8.28,7.74,6,4,-1.6343,2.3524,6.42
ADAUSDT,8,10.96,50.0,5.48,50.0,50.0,9.39,8.91,6,2,-2.0931,1.858,7.28
ETHUSDT,8,10.96,50.0,5.48,50.0,50.0,-8.79,-9.27,5,3,-2.5345,1.2527,-6.81
SUIUSDT,8,10.96,50.0,5.48,50.0,50.0,16.15,15.67,6,2,-1.2712,2.2905,12.52
BNBUSDT,7,9.59,50.0,4.79,50.0,50.0,18.43,18.01,6,1,-1.3581,1.7229,14.29
