symbol,gross_return_contribution_pct,net_return_contribution_pct,share_of_positive_gross_pct,win_periods_count,loss_periods_count
LTCUSDT,24.89,24.2,19.3,14,5
LINKUSDT,9.69,8.85,7.51,11,3
NEARUSDT,-3.97,-4.66,-3.08,7,6
DOGEUSDT,9.99,9.15,7.74,5,8
BTCUSDT,6.21,5.49,4.81,10,2
XRPUSDT,13.01,12.35,10.09,8,4
SOLUSDT,-3.87,-4.53,-3.0,4,8
DOTUSDT,12.95,12.41,10.04,8,2
AVAXUSDT,8.28,7.74,6.42,6,4
ADAUSDT,9.39,8.91,7.28,6,2
ETHUSDT,-8.79,-9.27,-6.81,5,3
SUIUSDT,16.15,15.67,12.52,6,2
BNBUSDT,18.43,18.01,14.29,6,1
