,BTCUSDT,ETHUSDT,SOLUSDT,BNBUSDT,XRPUSDT,DOGEUSDT,ADAUSDT,AVAXUSDT,LINKUSDT,NEARUSDT,LTCUSDT,DOTUSDT,SUIUSDT
BTCUSDT,1.0,0.779651846370789,0.007540242247424679,0.6409128548705211,0.7061878269258735,-0.012247437564348795,-0.00451828202599708,-0.01226292967828008,-0.010571624297952362,-0.02013076028425149,-0.006216238041991207,-0.010391250748059617,0.0012163662978690723
ETHUSDT,0.779651846370789,1.0,0.00706882887756518,0.6521658978616698,0.720889762583445,0.002963773059163008,0.0025804094349263455,-0.002218937271489838,-0.006563199358838704,-0.013994823222479868,-0.007814150408290668,-0.01186646880808136,0.0025293092253310732
SOLUSDT,0.007540242247424679,0.00706882887756518,1.0,0.005132371958079197,-0.007737218359605796,0.013632529358301105,0.016913000098679624,0.004873113591142914,0.003724120427484122,0.0018378843546007894,-0.0011690103881184194,0.011163295623428505,0.014849197250142544
BNBUSDT,0.6409128548705211,0.6521658978616698,0.005132371958079197,1.0,0.6437969419332129,0.015187428757407567,0.014525856111896832,0.006170344130300742,0.004245678308850886,-0.0012285127647786594,0.025366983763626793,0.00827038674216782,0.012384948895286282
XRPUSDT,0.7061878269258735,0.720889762583445,-0.007737218359605796,0.6437969419332129,1.0,-0.0005503040793419627,-0.0066893226855819264,-0.014115193418703457,-0.010104308288451453,-0.016071239623958386,-0.0014623437795947072,-0.013075341013043739,-0.007502518715866943
DOGEUSDT,-0.012247437564348795,0.002963773059163008,0.013632529358301105,0.015187428757407567,-0.0005503040793419627,1.0,0.8612636063053197,0.7880078180572151,0.7992972725127147,0.8242724301421628,0.7422252252147054,0.8394153709410899,0.8062193285023317
ADAUSDT,-0.00451828202599708,0.0025804094349263455,0.016913000098679624,0.014525856111896832,-0.0066893226855819264,0.8612636063053197,1.0,0.8159987096172928,0.831231477672118,0.8448923651970973,0.7537184129217114,0.8689788535064674,0.8296294899326632
AVAXUSDT,-0.01226292967828008,-0.002218937271489838,0.004873113591142914,0.006170344130300742,-0.014115193418703457,0.7880078180572151,0.8159987096172928,1.0,0.8038248429504556,0.8356333515814862,0.717545313907335,0.8235286017695267,0.7789113358447949
LINKUSDT,-0.010571624297952362,-0.006563199358838704,0.003724120427484122,0.004245678308850886,-0.010104308288451453,0.7992972725127147,0.831231477672118,0.8038248429504556,1.0,0.8229951997353062,0.7196042638750362,0.826518563857989,0.7828272075853789
NEARUSDT,-0.02013076028425149,-0.013994823222479868,0.0018378843546007894,-0.0012285127647786594,-0.016071239623958386,0.8242724301421628,0.8448923651970973,0.8356333515814862,0.8229951997353062,1.0,0.7497403096776104,0.876716134050322,0.8157442563543676
LTCUSDT,-0.006216238041991207,-0.007814150408290668,-0.0011690103881184194,0.025366983763626793,-0.0014623437795947072,0.7422252252147054,0.7537184129217114,0.717545313907335,0.7196042638750362,0.7497403096776104,1.0,0.7837098790330052,0.7229898844185096
DOTUSDT,-0.010391250748059617,-0.01186646880808136,0.011163295623428505,0.00827038674216782,-0.013075341013043739,0.8394153709410899,0.8689788535064674,0.8235286017695267,0.826518563857989,0.876716134050322,0.7837098790330052,1.0,0.8269882693726007
SUIUSDT,0.0012163662978690723,0.0025293092253310732,0.014849197250142544,0.012384948895286282,-0.007502518715866943,0.8062193285023317,0.8296294899326632,0.7789113358447949,0.7828272075853789,0.8157442563543676,0.7229898844185096,0.8269882693726007,1.0
