start_time,trough_time,recovery_time,max_drawdown_pct,duration_hours,trough_duration_hours,held_assets,market_regime,exceeded_threshold
2025-06-11 15:00:00+00:00,2025-06-20 20:00:00+00:00,2025-06-23 22:00:00+00:00,17.56,295,221,"['BTCUSDT', 'ETHUSDT', 'SOLUSDT', 'BNBUSDT', 'XRPUSDT', 'DOGEUSDT', 'ADAUSDT', 'NEARUSDT', 'DOTUSDT', 'SUIUSDT']",Bear,>=15%
2025-07-11 19:00:00+00:00,2025-07-12 15:00:00+00:00,2025-07-15 17:00:00+00:00,6.71,94,20,"['NEARUSDT', 'DOTUSDT']",Bull,>=5%
2025-07-21 07:00:00+00:00,2025-08-02 18:00:00+00:00,2025-08-09 04:00:00+00:00,14.8,453,299,"['BTCUSDT', 'ETHUSDT', 'SOLUSDT', 'XRPUSDT', 'DOGEUSDT', 'LINKUSDT', 'LTCUSDT', 'DOTUSDT']",Bull,>=10%
2025-08-09 12:00:00+00:00,2025-08-11 23:00:00+00:00,2025-08-12 15:00:00+00:00,7.1,75,59,"['DOGEUSDT', 'AVAXUSDT', 'LINKUSDT', 'LTCUSDT']",Bull,>=5%
2025-08-14 07:00:00+00:00,2025-08-16 11:00:00+00:00,2025-08-17 05:00:00+00:00,8.14,70,52,"['XRPUSDT', 'ADAUSDT', 'LINKUSDT', 'LTCUSDT']",Sideways,>=5%
2025-08-24 18:00:00+00:00,2025-08-25 20:00:00+00:00,2025-08-28 13:00:00+00:00,8.76,91,26,"['SOLUSDT', 'DOGEUSDT', 'LTCUSDT']",Sideways,>=5%
2025-08-28 13:00:00+00:00,2025-09-01 21:00:00+00:00,2025-09-10 12:00:00+00:00,12.23,311,104,"['DOGEUSDT', 'AVAXUSDT', 'LINKUSDT', 'NEARUSDT', 'LTCUSDT']",Sideways,>=10%
2025-09-13 12:00:00+00:00,2025-09-15 16:00:00+00:00,2025-09-17 22:00:00+00:00,6.88,106,52,"['ETHUSDT', 'LINKUSDT', 'DOTUSDT', 'SUIUSDT']",Sideways,>=5%
2025-09-17 23:00:00+00:00,2025-09-23 22:00:00+00:00,2025-10-01 22:00:00+00:00,10.97,335,143,"['ETHUSDT', 'SOLUSDT', 'BNBUSDT', 'XRPUSDT', 'ADAUSDT', 'NEARUSDT']",Sideways,>=10%
2025-10-05 07:00:00+00:00,2025-10-10 05:00:00+00:00,2025-10-10 20:00:00+00:00,9.14,133,118,"['BTCUSDT', 'BNBUSDT', 'ADAUSDT', 'AVAXUSDT', 'NEARUSDT']",Sideways,>=5%
2025-10-11 17:00:00+00:00,2025-10-12 00:00:00+00:00,2025-10-12 16:00:00+00:00,7.48,23,7,"['AVAXUSDT', 'LTCUSDT']",Sideways,>=5%
2025-10-13 20:00:00+00:00,2025-10-14 12:00:00+00:00,2025-10-19 19:00:00+00:00,9.5,143,16,"['DOGEUSDT', 'LTCUSDT']",Sideways,>=5%
2025-10-19 20:00:00+00:00,2025-10-21 04:00:00+00:00,2025-10-21 14:00:00+00:00,5.65,42,32,"['BTCUSDT', 'AVAXUSDT']",Bear,>=5%
2025-10-21 15:00:00+00:00,2025-10-22 22:00:00+00:00,2025-10-26 11:00:00+00:00,9.02,116,31,"['DOGEUSDT', 'LINKUSDT']",Sideways,>=5%
2025-10-27 06:00:00+00:00,2025-11-03 02:00:00+00:00,2025-11-07 08:00:00+00:00,11.26,266,164,"['BTCUSDT', 'ETHUSDT', 'BNBUSDT', 'XRPUSDT', 'DOGEUSDT', 'AVAXUSDT', 'LINKUSDT', 'LTCUSDT', 'DOTUSDT', 'SUIUSDT']",Bear,>=10%
