timestamp,asset1,asset2,pair,rolling_correlation,is_high_corr_07,is_extreme_corr_09
2025-06-08 20:00:00+00:00,NEARUSDT,DOTUSDT,NEARUSDT_DOTUSDT,0.0,False,False
2025-06-10 20:00:00+00:00,ADAUSDT,NEARUSDT,ADAUSDT_NEARUSDT,0.8912,True,False
2025-06-12 20:00:00+00:00,BTCUSDT,DOGEUSDT,BTCUSDT_DOGEUSDT,-0.047,False,False
2025-06-14 20:00:00+00:00,DOTUSDT,SUIUSDT,DOTUSDT_SUIUSDT,0.831,True,False
2025-06-16 20:00:00+00:00,SOLUSDT,NEARUSDT,SOLUSDT_NEARUSDT,-0.0767,False,False
2025-06-18 20:00:00+00:00,ETHUSDT,ADAUSDT,ETHUSDT_ADAUSDT,-0.003,False,False
2025-06-20 20:00:00+00:00,BNBUSDT,XRPUSDT,BNBUSDT_XRPUSDT,0.7951,True,False
2025-06-22 20:00:00+00:00,LTCUSDT,SUIUSDT,LTCUSDT_SUIUSDT,0.8369,True,False
2025-06-24 20:00:00+00:00,XRPUSDT,NEARUSDT,XRPUSDT_NEARUSDT,0.0508,False,False
2025-06-26 20:00:00+00:00,DOGEUSDT,AVAXUSDT,DOGEUSDT_AVAXUSDT,0.9066,True,True
2025-06-28 20:00:00+00:00,BTCUSDT,XRPUSDT,BTCUSDT_XRPUSDT,0.7861,True,False
2025-06-30 20:00:00+00:00,SOLUSDT,LINKUSDT,SOLUSDT_LINKUSDT,-0.009,False,False
2025-07-02 20:00:00+00:00,BTCUSDT,NEARUSDT,BTCUSDT_NEARUSDT,0.051,False,False
2025-07-04 20:00:00+00:00,DOGEUSDT,SUIUSDT,DOGEUSDT_SUIUSDT,0.8338,True,False
2025-07-06 20:00:00+00:00,AVAXUSDT,LINKUSDT,AVAXUSDT_LINKUSDT,0.8648,True,False
2025-07-10 16:00:00+00:00,ETHUSDT,SOLUSDT,ETHUSDT_SOLUSDT,0.5246,False,False
2025-07-12 16:00:00+00:00,NEARUSDT,DOTUSDT,NEARUSDT_DOTUSDT,0.9233,True,True
2025-07-14 16:00:00+00:00,BTCUSDT,SOLUSDT,BTCUSDT_SOLUSDT,0.4509,False,False
2025-07-16 16:00:00+00:00,LINKUSDT,LTCUSDT,LINKUSDT_LTCUSDT,0.8125,True,False
2025-07-18 16:00:00+00:00,XRPUSDT,DOTUSDT,XRPUSDT_DOTUSDT,0.037,False,False
2025-07-20 16:00:00+00:00,LTCUSDT,DOTUSDT,LTCUSDT_DOTUSDT,0.6073,False,False
2025-07-22 16:00:00+00:00,XRPUSDT,LTCUSDT,XRPUSDT_LTCUSDT,0.0616,False,False
2025-07-24 16:00:00+00:00,XRPUSDT,LTCUSDT,XRPUSDT_LTCUSDT,0.108,False,False
2025-07-26 16:00:00+00:00,DOGEUSDT,LINKUSDT,DOGEUSDT_LINKUSDT,0.7285,True,False
2025-07-28 16:00:00+00:00,ETHUSDT,SOLUSDT,ETHUSDT_SOLUSDT,0.0383,False,False
2025-07-30 16:00:00+00:00,SOLUSDT,LTCUSDT,SOLUSDT_LTCUSDT,-0.1198,False,False
2025-08-01 16:00:00+00:00,BTCUSDT,SOLUSDT,BTCUSDT_SOLUSDT,-0.0595,False,False
2025-08-03 16:00:00+00:00,DOGEUSDT,DOTUSDT,DOGEUSDT_DOTUSDT,0.9178,True,True
2025-08-05 16:00:00+00:00,XRPUSDT,LINKUSDT,XRPUSDT_LINKUSDT,0.108,False,False
2025-08-09 12:00:00+00:00,AVAXUSDT,LTCUSDT,AVAXUSDT_LTCUSDT,0.6413,False,False
2025-08-11 12:00:00+00:00,DOGEUSDT,LINKUSDT,DOGEUSDT_LINKUSDT,0.862,True,False
2025-08-13 12:00:00+00:00,XRPUSDT,ADAUSDT,XRPUSDT_ADAUSDT,-0.2863,False,False
2025-08-15 13:00:00+00:00,LINKUSDT,LTCUSDT,LINKUSDT_LTCUSDT,0.5507,False,False
2025-08-17 13:00:00+00:00,ETHUSDT,BNBUSDT,ETHUSDT_BNBUSDT,0.7709,True,False
2025-08-19 13:00:00+00:00,XRPUSDT,LTCUSDT,XRPUSDT_LTCUSDT,-0.0073,False,False
2025-08-21 13:00:00+00:00,BTCUSDT,LTCUSDT,BTCUSDT_LTCUSDT,0.0887,False,False
2025-08-23 13:00:00+00:00,DOGEUSDT,LTCUSDT,DOGEUSDT_LTCUSDT,0.8411,True,False
2025-08-25 13:00:00+00:00,SOLUSDT,LTCUSDT,SOLUSDT_LTCUSDT,0.0582,False,False
2025-08-27 13:00:00+00:00,LINKUSDT,LTCUSDT,LINKUSDT_LTCUSDT,0.698,False,False
2025-08-29 13:00:00+00:00,DOGEUSDT,AVAXUSDT,DOGEUSDT_AVAXUSDT,0.8221,True,False
2025-08-31 13:00:00+00:00,LINKUSDT,NEARUSDT,LINKUSDT_NEARUSDT,0.6578,False,False
2025-09-02 13:00:00+00:00,SOLUSDT,SUIUSDT,SOLUSDT_SUIUSDT,0.1295,False,False
2025-09-04 13:00:00+00:00,NEARUSDT,DOTUSDT,NEARUSDT_DOTUSDT,0.9456,True,True
2025-09-06 13:00:00+00:00,BTCUSDT,NEARUSDT,BTCUSDT_NEARUSDT,0.0377,False,False
2025-09-10 09:00:00+00:00,AVAXUSDT,SUIUSDT,AVAXUSDT_SUIUSDT,0.778,True,False
2025-09-12 09:00:00+00:00,DOGEUSDT,ADAUSDT,DOGEUSDT_ADAUSDT,0.8694,True,False
2025-09-14 09:00:00+00:00,DOTUSDT,SUIUSDT,DOTUSDT_SUIUSDT,0.7991,True,False
2025-09-16 09:00:00+00:00,ETHUSDT,LINKUSDT,ETHUSDT_LINKUSDT,0.1048,False,False
2025-09-18 09:00:00+00:00,SOLUSDT,ADAUSDT,SOLUSDT_ADAUSDT,0.0831,False,False
2025-09-20 09:00:00+00:00,XRPUSDT,NEARUSDT,XRPUSDT_NEARUSDT,-0.0434,False,False
2025-09-22 09:00:00+00:00,SOLUSDT,BNBUSDT,SOLUSDT_BNBUSDT,-0.0828,False,False
2025-09-24 09:00:00+00:00,ETHUSDT,NEARUSDT,ETHUSDT_NEARUSDT,-0.0471,False,False
2025-09-26 09:00:00+00:00,BTCUSDT,SOLUSDT,BTCUSDT_SOLUSDT,-0.1079,False,False
2025-09-28 09:00:00+00:00,XRPUSDT,NEARUSDT,XRPUSDT_NEARUSDT,0.0001,False,False
2025-09-30 09:00:00+00:00,LINKUSDT,SUIUSDT,LINKUSDT_SUIUSDT,0.8887,True,False
2025-10-02 09:00:00+00:00,ADAUSDT,LTCUSDT,ADAUSDT_LTCUSDT,0.6946,False,False
2025-10-04 09:00:00+00:00,LINKUSDT,DOTUSDT,LINKUSDT_DOTUSDT,0.8733,True,False
2025-10-06 09:00:00+00:00,ADAUSDT,AVAXUSDT,ADAUSDT_AVAXUSDT,0.7594,True,False
2025-10-10 05:00:00+00:00,BTCUSDT,BNBUSDT,BTCUSDT_BNBUSDT,0.8402,True,False
2025-10-12 05:00:00+00:00,AVAXUSDT,LTCUSDT,AVAXUSDT_LTCUSDT,0.7998,True,False
2025-10-14 05:00:00+00:00,DOGEUSDT,LTCUSDT,DOGEUSDT_LTCUSDT,0.8191,True,False
2025-10-16 05:00:00+00:00,BTCUSDT,BNBUSDT,BTCUSDT_BNBUSDT,0.8243,True,False
2025-10-18 05:00:00+00:00,ETHUSDT,AVAXUSDT,ETHUSDT_AVAXUSDT,-0.0386,False,False
2025-10-20 05:00:00+00:00,BTCUSDT,AVAXUSDT,BTCUSDT_AVAXUSDT,-0.0512,False,False
2025-10-22 05:00:00+00:00,DOGEUSDT,LINKUSDT,DOGEUSDT_LINKUSDT,0.8528,True,False
2025-10-24 05:00:00+00:00,BNBUSDT,LTCUSDT,BNBUSDT_LTCUSDT,-0.0479,False,False
2025-10-26 05:00:00+00:00,AVAXUSDT,DOTUSDT,AVAXUSDT_DOTUSDT,0.9079,True,True
2025-10-28 05:00:00+00:00,BNBUSDT,DOGEUSDT,BNBUSDT_DOGEUSDT,-0.1265,False,False
2025-10-30 05:00:00+00:00,XRPUSDT,LINKUSDT,XRPUSDT_LINKUSDT,0.0382,False,False
2025-11-01 05:00:00+00:00,LTCUSDT,SUIUSDT,LTCUSDT_SUIUSDT,0.7028,True,False
2025-11-03 05:00:00+00:00,BTCUSDT,ETHUSDT,BTCUSDT_ETHUSDT,0.8757,True,False
2025-11-05 05:00:00+00:00,DOGEUSDT,ADAUSDT,DOGEUSDT_ADAUSDT,0.9559,True,True
2025-11-07 05:00:00+00:00,NEARUSDT,LTCUSDT,NEARUSDT_LTCUSDT,0.8331,True,False
