symbol,max_weight_pct,avg_selected_weight_pct,loss_at_max_w_minus_10pct,loss_at_max_w_minus_20pct,loss_at_max_w_minus_30pct,loss_at_max_w_minus_50pct,loss_at_avg_w_minus_50pct
LTCUSDT,50.0,50.0,-5.0,-10.0,-15.0,-25.0,-25.0
LINKUSDT,50.0,50.0,-5.0,-10.0,-15.0,-25.0,-25.0
NEARUSDT,50.0,50.0,-5.0,-10.0,-15.0,-25.0,-25.0
DOGEUSDT,50.0,50.0,-5.0,-10.0,-15.0,-25.0,-25.0
BTCUSDT,50.0,50.0,-5.0,-10.0,-15.0,-25.0,-25.0
XRPUSDT,50.0,50.0,-5.0,-10.0,-15.0,-25.0,-25.0
SOLUSDT,50.0,50.0,-5.0,-10.0,-15.0,-25.0,-25.0
DOTUSDT,50.0,50.0,-5.0,-10.0,-15.0,-25.0,-25.0
AVAXUSDT,50.0,50.0,-5.0,-10.0,-15.0,-25.0,-25.0
ADAUSDT,50.0,50.0,-5.0,-10.0,-15.0,-25.0,-25.0
ETHUSDT,50.0,50.0,-5.0,-10.0,-15.0,-25.0,-25.0
SUIUSDT,50.0,50.0,-5.0,-10.0,-15.0,-25.0,-25.0
BNBUSDT,50.0,50.0,-5.0,-10.0,-15.0,-25.0,-25.0
