symbol,selection_pct,eq_avg_weight_pct,iv_avg_weight_pct,iv_cap_avg_weight_pct,iv_raw_max_weight_pct,iv_raw_min_weight_pct,iv_cap_max_weight_pct,iv_cap_min_weight_pct
LTCUSDT,25.33,50.0,50.76,50.76,59.03,33.25,59.03,33.25
LINKUSDT,18.67,50.0,47.17,47.17,55.29,40.51,55.29,40.51
NEARUSDT,18.67,50.0,41.7,41.75,56.26,24.28,56.26,25.0
DOGEUSDT,18.67,50.0,47.33,47.33,54.51,28.57,54.51,28.57
SOLUSDT,17.33,50.0,46.3,46.3,55.75,30.79,55.75,30.79
XRPUSDT,16.0,50.0,51.63,51.63,64.46,34.08,64.46,34.08
BTCUSDT,16.0,50.0,67.85,67.79,75.72,59.13,75.0,59.13
AVAXUSDT,14.67,50.0,47.16,47.16,55.24,30.05,55.24,30.05
DOTUSDT,13.33,50.0,51.96,51.96,57.37,47.35,57.37,47.35
ADAUSDT,10.67,50.0,50.17,50.17,56.04,42.55,56.04,42.55
ETHUSDT,10.67,50.0,54.82,54.82,68.83,40.87,68.83,40.87
SUIUSDT,10.67,50.0,48.18,48.18,54.98,41.41,54.98,41.41
BNBUSDT,9.33,50.0,47.05,47.05,64.42,27.25,64.42,27.25
