timestamp,equity,drawdown_pct,step_return
2026-06-19 15:00:00+00:00,1.0,0.0,0.0
2026-06-19 16:00:00+00:00,1.0,0.0,0.0
2026-06-19 17:00:00+00:00,1.0,0.0,0.0
2026-06-19 18:00:00+00:00,1.0,0.0,0.0
2026-06-19 19:00:00+00:00,1.0,0.0,0.0
2026-06-19 20:00:00+00:00,1.0,0.0,0.0
2026-06-19 21:00:00+00:00,1.0,0.0,0.0
2026-06-19 22:00:00+00:00,1.0,0.0,0.0
2026-06-19 23:00:00+00:00,1.0,0.0,0.0
2026-06-20 00:00:00+00:00,1.0,0.0,0.0
2026-06-20 01:00:00+00:00,1.0,0.0,0.0
2026-06-20 02:00:00+00:00,1.0,0.0,0.0
2026-06-20 03:00:00+00:00,1.0,0.0,0.0
2026-06-20 04:00:00+00:00,1.0,0.0,0.0
2026-06-20 05:00:00+00:00,1.0,0.0,0.0
2026-06-20 06:00:00+00:00,1.0,0.0,0.0
2026-06-20 07:00:00+00:00,1.0,0.0,0.0
2026-06-20 08:00:00+00:00,1.0,0.0,0.0
2026-06-20 09:00:00+00:00,1.0,0.0,0.0
2026-06-20 10:00:00+00:00,1.0,0.0,0.0
2026-06-20 11:00:00+00:00,1.0,0.0,0.0
2026-06-20 12:00:00+00:00,1.0,0.0,0.0
2026-06-20 13:00:00+00:00,1.0,0.0,0.0
2026-06-20 14:00:00+00:00,1.0,0.0,0.0
2026-06-20 15:00:00+00:00,1.0,0.0,0.0
2026-06-20 16:00:00+00:00,1.0,0.0,0.0
2026-06-20 17:00:00+00:00,1.0,0.0,0.0
2026-06-20 18:00:00+00:00,1.0,0.0,0.0
2026-06-20 19:00:00+00:00,1.0,0.0,0.0
2026-06-20 20:00:00+00:00,1.0,0.0,0.0
2026-06-20 21:00:00+00:00,1.0,0.0,0.0
2026-06-20 22:00:00+00:00,1.0,0.0,0.0
2026-06-20 23:00:00+00:00,1.0,0.0,0.0
2026-06-21 00:00:00+00:00,1.0,0.0,0.0
2026-06-21 01:00:00+00:00,1.0,0.0,0.0
2026-06-21 02:00:00+00:00,1.0,0.0,0.0
2026-06-21 03:00:00+00:00,1.0,0.0,0.0
2026-06-21 04:00:00+00:00,1.0,0.0,0.0
2026-06-21 05:00:00+00:00,1.0,0.0,0.0
2026-06-21 06:00:00+00:00,1.0,0.0,0.0
2026-06-21 07:00:00+00:00,1.0,0.0,0.0
2026-06-21 08:00:00+00:00,1.0,0.0,0.0
2026-06-21 09:00:00+00:00,1.0,0.0,0.0
2026-06-21 10:00:00+00:00,1.0,0.0,0.0
2026-06-21 11:00:00+00:00,1.0,0.0,0.0
2026-06-21 12:00:00+00:00,1.0,0.0,0.0
2026-06-21 13:00:00+00:00,1.0,0.0,0.0
2026-06-21 14:00:00+00:00,1.0,0.0,0.0
2026-06-21 15:00:00+00:00,1.0,0.0,0.0
2026-06-21 16:00:00+00:00,1.0,0.0,0.0
2026-06-21 17:00:00+00:00,1.0,0.0,0.0
2026-06-21 18:00:00+00:00,1.0,0.0,0.0
2026-06-21 19:00:00+00:00,1.0,0.0,0.0
2026-06-21 20:00:00+00:00,1.0,0.0,0.0
2026-06-21 21:00:00+00:00,1.0,0.0,0.0
2026-06-21 22:00:00+00:00,1.0,0.0,0.0
2026-06-21 23:00:00+00:00,1.0,0.0,0.0
2026-06-22 00:00:00+00:00,1.0,0.0,0.0
2026-06-22 01:00:00+00:00,1.0,0.0,0.0
2026-06-22 02:00:00+00:00,1.0,0.0,0.0
2026-06-22 03:00:00+00:00,1.0,0.0,0.0
2026-06-22 04:00:00+00:00,1.0,0.0,0.0
2026-06-22 05:00:00+00:00,1.0,0.0,0.0
2026-06-22 06:00:00+00:00,1.0,0.0,0.0
2026-06-22 07:00:00+00:00,1.0,0.0,0.0
2026-06-22 08:00:00+00:00,1.0,0.0,0.0
2026-06-22 09:00:00+00:00,1.0,0.0,0.0
2026-06-22 10:00:00+00:00,1.0,0.0,0.0
2026-06-22 11:00:00+00:00,1.0,0.0,0.0
2026-06-22 12:00:00+00:00,1.0,0.0,0.0
2026-06-22 13:00:00+00:00,1.0,0.0,0.0
2026-06-22 14:00:00+00:00,1.0,0.0,0.0
2026-06-22 15:00:00+00:00,1.0,0.0,0.0
2026-06-22 16:00:00+00:00,1.0,0.0,0.0
2026-06-22 17:00:00+00:00,1.0,0.0,0.0
2026-06-22 18:00:00+00:00,1.0,0.0,0.0
2026-06-22 19:00:00+00:00,1.0,0.0,0.0
2026-06-22 20:00:00+00:00,1.0,0.0,0.0
2026-06-22 21:00:00+00:00,1.0,0.0,0.0
2026-06-22 22:00:00+00:00,1.0,0.0,0.0
2026-06-22 23:00:00+00:00,1.0,0.0,0.0
2026-06-23 00:00:00+00:00,1.0,0.0,0.0
2026-06-23 01:00:00+00:00,1.0,0.0,0.0
2026-06-23 02:00:00+00:00,1.0,0.0,0.0
2026-06-23 03:00:00+00:00,1.0,0.0,0.0
2026-06-23 04:00:00+00:00,1.0,0.0,0.0
2026-06-23 05:00:00+00:00,1.0,0.0,0.0
2026-06-23 06:00:00+00:00,1.0,0.0,0.0
2026-06-23 07:00:00+00:00,1.0,0.0,0.0
2026-06-23 08:00:00+00:00,1.0,0.0,0.0
2026-06-23 09:00:00+00:00,1.0,0.0,0.0
2026-06-23 10:00:00+00:00,1.0,0.0,0.0
2026-06-23 11:00:00+00:00,1.0,0.0,0.0
2026-06-23 12:00:00+00:00,1.0,0.0,0.0
2026-06-23 13:00:00+00:00,1.0,0.0,0.0
2026-06-23 14:00:00+00:00,1.0,0.0,0.0
2026-06-23 15:00:00+00:00,1.0,0.0,0.0
2026-06-23 16:00:00+00:00,1.0,0.0,0.0
2026-06-23 17:00:00+00:00,1.0,0.0,0.0
2026-06-23 18:00:00+00:00,1.0,0.0,0.0
2026-06-23 19:00:00+00:00,1.0,0.0,0.0
2026-06-23 20:00:00+00:00,1.0,0.0,0.0
2026-06-23 21:00:00+00:00,1.0,0.0,0.0
2026-06-23 22:00:00+00:00,1.0,0.0,0.0
2026-06-23 23:00:00+00:00,1.0,0.0,0.0
2026-06-24 00:00:00+00:00,1.0,0.0,0.0
2026-06-24 01:00:00+00:00,1.0,0.0,0.0
2026-06-24 02:00:00+00:00,1.0,0.0,0.0
2026-06-24 03:00:00+00:00,1.0,0.0,0.0
2026-06-24 04:00:00+00:00,1.0,0.0,0.0
2026-06-24 05:00:00+00:00,1.0,0.0,0.0
2026-06-24 06:00:00+00:00,1.0,0.0,0.0
2026-06-24 07:00:00+00:00,1.0,0.0,0.0
2026-06-24 08:00:00+00:00,1.0,0.0,0.0
2026-06-24 09:00:00+00:00,1.0,0.0,0.0
2026-06-24 10:00:00+00:00,1.0,0.0,0.0
2026-06-24 11:00:00+00:00,1.0,0.0,0.0
2026-06-24 12:00:00+00:00,1.0,0.0,0.0
2026-06-24 13:00:00+00:00,1.0,0.0,0.0
2026-06-24 14:00:00+00:00,1.0,0.0,0.0
2026-06-24 15:00:00+00:00,1.0,0.0,0.0
2026-06-24 16:00:00+00:00,1.0,0.0,0.0
2026-06-24 17:00:00+00:00,1.0,0.0,0.0
2026-06-24 18:00:00+00:00,1.002697,0.0,0.002697
2026-06-24 19:00:00+00:00,1.008725,0.0,0.006012
2026-06-24 20:00:00+00:00,1.025511,0.0,0.01664
2026-06-24 21:00:00+00:00,1.028101,0.0,0.002526
2026-06-24 22:00:00+00:00,1.027501,0.0584,-0.000584
2026-06-24 23:00:00+00:00,1.027501,0.0584,0.0
2026-06-25 00:00:00+00:00,1.027501,0.0584,0.0
2026-06-25 01:00:00+00:00,1.027501,0.0584,0.0
2026-06-25 02:00:00+00:00,1.027501,0.0584,0.0
2026-06-25 03:00:00+00:00,1.027501,0.0584,0.0
2026-06-25 04:00:00+00:00,1.027501,0.0584,0.0
2026-06-25 05:00:00+00:00,1.027501,0.0584,0.0
2026-06-25 06:00:00+00:00,1.027501,0.0584,0.0
2026-06-25 07:00:00+00:00,1.027501,0.0584,0.0
2026-06-25 08:00:00+00:00,1.027501,0.0584,0.0
2026-06-25 09:00:00+00:00,1.027501,0.0584,0.0
2026-06-25 10:00:00+00:00,1.027501,0.0584,0.0
2026-06-25 11:00:00+00:00,1.027501,0.0584,0.0
2026-06-25 12:00:00+00:00,1.027501,0.0584,0.0
2026-06-25 13:00:00+00:00,1.027501,0.0584,0.0
2026-06-25 14:00:00+00:00,1.027501,0.0584,0.0
2026-06-25 15:00:00+00:00,1.027501,0.0584,0.0
2026-06-25 16:00:00+00:00,1.027501,0.0584,0.0
2026-06-25 17:00:00+00:00,1.027501,0.0584,0.0
2026-06-25 18:00:00+00:00,1.024091,0.39,-0.003319
2026-06-25 19:00:00+00:00,1.020775,0.7126,-0.003238
2026-06-25 20:00:00+00:00,1.023126,0.4839,0.002303
2026-06-25 21:00:00+00:00,1.036122,0.0,0.012703
2026-06-25 22:00:00+00:00,1.029917,0.5989,-0.005989
2026-06-25 23:00:00+00:00,1.028932,0.694,-0.000957
2026-06-26 00:00:00+00:00,1.026748,0.9048,-0.002122
2026-06-26 01:00:00+00:00,1.022694,1.296,-0.003948
2026-06-26 02:00:00+00:00,1.007731,2.7401,-0.01463
2026-06-26 03:00:00+00:00,1.033096,0.2921,0.02517
2026-06-26 04:00:00+00:00,1.031108,0.484,-0.001925
2026-06-26 05:00:00+00:00,1.031673,0.4294,0.000548
2026-06-26 06:00:00+00:00,1.038052,0.0,0.006183
2026-06-26 07:00:00+00:00,1.041631,0.0,0.003448
2026-06-26 08:00:00+00:00,1.036704,0.473,-0.00473
2026-06-26 09:00:00+00:00,1.027934,1.315,-0.00846
2026-06-26 10:00:00+00:00,1.020659,2.0134,-0.007077
2026-06-26 11:00:00+00:00,1.02238,1.8482,0.001686
2026-06-26 12:00:00+00:00,1.018452,2.2252,-0.003841
2026-06-26 13:00:00+00:00,1.035495,0.5891,0.016734
2026-06-26 14:00:00+00:00,1.025434,1.555,-0.009717
2026-06-26 15:00:00+00:00,1.038126,0.3365,0.012378
2026-06-26 16:00:00+00:00,1.033195,0.8099,-0.00475
2026-06-26 17:00:00+00:00,1.032889,0.8393,-0.000296
2026-06-26 18:00:00+00:00,1.026764,1.4273,-0.00593
2026-06-26 19:00:00+00:00,1.028208,1.2886,0.001407
2026-06-26 20:00:00+00:00,1.027624,1.3447,-0.000569
2026-06-26 21:00:00+00:00,1.031078,1.0132,0.003361
2026-06-26 22:00:00+00:00,1.033303,0.7996,0.002158
2026-06-26 23:00:00+00:00,1.03415,0.7182,0.000821
2026-06-27 00:00:00+00:00,1.033493,0.7813,-0.000636
2026-06-27 01:00:00+00:00,1.032893,0.8389,-0.000581
2026-06-27 02:00:00+00:00,1.032893,0.8389,0.0
2026-06-27 03:00:00+00:00,1.032893,0.8389,0.0
2026-06-27 04:00:00+00:00,1.032893,0.8389,0.0
2026-06-27 05:00:00+00:00,1.032893,0.8389,0.0
2026-06-27 06:00:00+00:00,1.032893,0.8389,0.0
2026-06-27 07:00:00+00:00,1.032893,0.8389,0.0
2026-06-27 08:00:00+00:00,1.032893,0.8389,0.0
2026-06-27 09:00:00+00:00,1.032893,0.8389,0.0
2026-06-27 10:00:00+00:00,1.032893,0.8389,0.0
2026-06-27 11:00:00+00:00,1.032893,0.8389,0.0
2026-06-27 12:00:00+00:00,1.032893,0.8389,0.0
2026-06-27 13:00:00+00:00,1.032893,0.8389,0.0
2026-06-27 14:00:00+00:00,1.032893,0.8389,0.0
2026-06-27 15:00:00+00:00,1.032893,0.8389,0.0
2026-06-27 16:00:00+00:00,1.032893,0.8389,0.0
2026-06-27 17:00:00+00:00,1.032893,0.8389,0.0
2026-06-27 18:00:00+00:00,1.032893,0.8389,0.0
2026-06-27 19:00:00+00:00,1.032893,0.8389,0.0
2026-06-27 20:00:00+00:00,1.032893,0.8389,0.0
2026-06-27 21:00:00+00:00,1.032893,0.8389,0.0
2026-06-27 22:00:00+00:00,1.032893,0.8389,0.0
2026-06-27 23:00:00+00:00,1.032893,0.8389,0.0
2026-06-28 00:00:00+00:00,1.032893,0.8389,0.0
2026-06-28 01:00:00+00:00,1.032893,0.8389,0.0
2026-06-28 02:00:00+00:00,1.032893,0.8389,0.0
2026-06-28 03:00:00+00:00,1.032893,0.8389,0.0
2026-06-28 04:00:00+00:00,1.032893,0.8389,0.0
2026-06-28 05:00:00+00:00,1.032893,0.8389,0.0
2026-06-28 06:00:00+00:00,1.032893,0.8389,0.0
2026-06-28 07:00:00+00:00,1.032893,0.8389,0.0
2026-06-28 08:00:00+00:00,1.032893,0.8389,0.0
2026-06-28 09:00:00+00:00,1.032893,0.8389,0.0
2026-06-28 10:00:00+00:00,1.032893,0.8389,0.0
2026-06-28 11:00:00+00:00,1.032893,0.8389,0.0
2026-06-28 12:00:00+00:00,1.032893,0.8389,0.0
2026-06-28 13:00:00+00:00,1.032893,0.8389,0.0
2026-06-28 14:00:00+00:00,1.032893,0.8389,0.0
2026-06-28 15:00:00+00:00,1.032893,0.8389,0.0
2026-06-28 16:00:00+00:00,1.032893,0.8389,0.0
2026-06-28 17:00:00+00:00,1.032893,0.8389,0.0
2026-06-28 18:00:00+00:00,1.032893,0.8389,0.0
2026-06-28 19:00:00+00:00,1.032893,0.8389,0.0
2026-06-28 20:00:00+00:00,1.032893,0.8389,0.0
2026-06-28 21:00:00+00:00,1.032893,0.8389,0.0
2026-06-28 22:00:00+00:00,1.032893,0.8389,0.0
2026-06-28 23:00:00+00:00,1.032893,0.8389,0.0
2026-06-29 00:00:00+00:00,1.033852,0.7468,0.000929
2026-06-29 01:00:00+00:00,1.029936,1.1228,-0.003789
2026-06-29 02:00:00+00:00,1.03542,0.5963,0.005325
2026-06-29 03:00:00+00:00,1.040479,0.1106,0.004886
2026-06-29 04:00:00+00:00,1.039879,0.1682,-0.000577
2026-06-29 05:00:00+00:00,1.039879,0.1682,0.0
2026-06-29 06:00:00+00:00,1.039879,0.1682,0.0
2026-06-29 07:00:00+00:00,1.039879,0.1682,0.0
2026-06-29 08:00:00+00:00,1.039879,0.1682,0.0
2026-06-29 09:00:00+00:00,1.039879,0.1682,0.0
2026-06-29 10:00:00+00:00,1.039879,0.1682,0.0
2026-06-29 11:00:00+00:00,1.039879,0.1682,0.0
2026-06-29 12:00:00+00:00,1.039879,0.1682,0.0
2026-06-29 13:00:00+00:00,1.039879,0.1682,0.0
2026-06-29 14:00:00+00:00,1.039879,0.1682,0.0
2026-06-29 15:00:00+00:00,1.039879,0.1682,0.0
2026-06-29 16:00:00+00:00,1.039879,0.1682,0.0
2026-06-29 17:00:00+00:00,1.039879,0.1682,0.0
2026-06-29 18:00:00+00:00,1.039879,0.1682,0.0
2026-06-29 19:00:00+00:00,1.039879,0.1682,0.0
2026-06-29 20:00:00+00:00,1.039879,0.1682,0.0
2026-06-29 21:00:00+00:00,1.039879,0.1682,0.0
2026-06-29 22:00:00+00:00,1.039879,0.1682,0.0
2026-06-29 23:00:00+00:00,1.039879,0.1682,0.0
2026-06-30 00:00:00+00:00,1.039879,0.1682,0.0
2026-06-30 01:00:00+00:00,1.039879,0.1682,0.0
2026-06-30 02:00:00+00:00,1.039879,0.1682,0.0
2026-06-30 03:00:00+00:00,1.039879,0.1682,0.0
2026-06-30 04:00:00+00:00,1.039879,0.1682,0.0
2026-06-30 05:00:00+00:00,1.039879,0.1682,0.0
2026-06-30 06:00:00+00:00,1.039879,0.1682,0.0
2026-06-30 07:00:00+00:00,1.039879,0.1682,0.0
2026-06-30 08:00:00+00:00,1.039879,0.1682,0.0
2026-06-30 09:00:00+00:00,1.039879,0.1682,0.0
2026-06-30 10:00:00+00:00,1.039879,0.1682,0.0
2026-06-30 11:00:00+00:00,1.039879,0.1682,0.0
2026-06-30 12:00:00+00:00,1.039879,0.1682,0.0
2026-06-30 13:00:00+00:00,1.039879,0.1682,0.0
2026-06-30 14:00:00+00:00,1.039879,0.1682,0.0
2026-06-30 15:00:00+00:00,1.039879,0.1682,0.0
2026-06-30 16:00:00+00:00,1.039879,0.1682,0.0
2026-06-30 17:00:00+00:00,1.037864,0.3617,-0.001938
2026-06-30 18:00:00+00:00,1.042534,0.0,0.0045
2026-06-30 19:00:00+00:00,1.044971,0.0,0.002338
2026-06-30 20:00:00+00:00,1.044371,0.0574,-0.000574
2026-06-30 21:00:00+00:00,1.044371,0.0574,0.0
2026-06-30 22:00:00+00:00,1.044371,0.0574,0.0
2026-06-30 23:00:00+00:00,1.044371,0.0574,0.0
2026-07-01 00:00:00+00:00,1.044371,0.0574,0.0
2026-07-01 01:00:00+00:00,1.044371,0.0574,0.0
2026-07-01 02:00:00+00:00,1.044371,0.0574,0.0
2026-07-01 03:00:00+00:00,1.044371,0.0574,0.0
2026-07-01 04:00:00+00:00,1.044371,0.0574,0.0
2026-07-01 05:00:00+00:00,1.044371,0.0574,0.0
2026-07-01 06:00:00+00:00,1.044371,0.0574,0.0
2026-07-01 07:00:00+00:00,1.044371,0.0574,0.0
2026-07-01 08:00:00+00:00,1.044371,0.0574,0.0
2026-07-01 09:00:00+00:00,1.044371,0.0574,0.0
2026-07-01 10:00:00+00:00,1.044371,0.0574,0.0
2026-07-01 11:00:00+00:00,1.044371,0.0574,0.0
2026-07-01 12:00:00+00:00,1.044371,0.0574,0.0
2026-07-01 13:00:00+00:00,1.044371,0.0574,0.0
2026-07-01 14:00:00+00:00,1.044371,0.0574,0.0
2026-07-01 15:00:00+00:00,1.044371,0.0574,0.0
2026-07-01 16:00:00+00:00,1.044371,0.0574,0.0
2026-07-01 17:00:00+00:00,1.044371,0.0574,0.0
2026-07-01 18:00:00+00:00,1.044371,0.0574,0.0
2026-07-01 19:00:00+00:00,1.044371,0.0574,0.0
2026-07-01 20:00:00+00:00,1.044371,0.0574,0.0
2026-07-01 21:00:00+00:00,1.044371,0.0574,0.0
2026-07-01 22:00:00+00:00,1.044371,0.0574,0.0
2026-07-01 23:00:00+00:00,1.044371,0.0574,0.0
2026-07-02 00:00:00+00:00,1.044371,0.0574,0.0
2026-07-02 01:00:00+00:00,1.044371,0.0574,0.0
2026-07-02 02:00:00+00:00,1.044371,0.0574,0.0
2026-07-02 03:00:00+00:00,1.044371,0.0574,0.0
2026-07-02 04:00:00+00:00,1.044371,0.0574,0.0
2026-07-02 05:00:00+00:00,1.044371,0.0574,0.0
2026-07-02 06:00:00+00:00,1.044371,0.0574,0.0
2026-07-02 07:00:00+00:00,1.044371,0.0574,0.0
2026-07-02 08:00:00+00:00,1.044371,0.0574,0.0
2026-07-02 09:00:00+00:00,1.044371,0.0574,0.0
2026-07-02 10:00:00+00:00,1.044371,0.0574,0.0
2026-07-02 11:00:00+00:00,1.044371,0.0574,0.0
2026-07-02 12:00:00+00:00,1.044371,0.0574,0.0
2026-07-02 13:00:00+00:00,1.044371,0.0574,0.0
2026-07-02 14:00:00+00:00,1.044371,0.0574,0.0
2026-07-02 15:00:00+00:00,1.044371,0.0574,0.0
2026-07-02 16:00:00+00:00,1.044371,0.0574,0.0
2026-07-02 17:00:00+00:00,1.044371,0.0574,0.0
2026-07-02 18:00:00+00:00,1.044371,0.0574,0.0
2026-07-02 19:00:00+00:00,1.044371,0.0574,0.0
2026-07-02 20:00:00+00:00,1.044371,0.0574,0.0
2026-07-02 21:00:00+00:00,1.044371,0.0574,0.0
2026-07-02 22:00:00+00:00,1.044371,0.0574,0.0
2026-07-02 23:00:00+00:00,1.044371,0.0574,0.0
2026-07-03 00:00:00+00:00,1.044371,0.0574,0.0
2026-07-03 01:00:00+00:00,1.044371,0.0574,0.0
2026-07-03 02:00:00+00:00,1.044371,0.0574,0.0
2026-07-03 03:00:00+00:00,1.044371,0.0574,0.0
2026-07-03 04:00:00+00:00,1.044371,0.0574,0.0
2026-07-03 05:00:00+00:00,1.044371,0.0574,0.0
2026-07-03 06:00:00+00:00,1.044371,0.0574,0.0
2026-07-03 07:00:00+00:00,1.044371,0.0574,0.0
2026-07-03 08:00:00+00:00,1.044371,0.0574,0.0
2026-07-03 09:00:00+00:00,1.044371,0.0574,0.0
2026-07-03 10:00:00+00:00,1.044371,0.0574,0.0
2026-07-03 11:00:00+00:00,1.044371,0.0574,0.0
2026-07-03 12:00:00+00:00,1.044371,0.0574,0.0
2026-07-03 13:00:00+00:00,1.044371,0.0574,0.0
2026-07-03 14:00:00+00:00,1.044371,0.0574,0.0
2026-07-03 15:00:00+00:00,1.044371,0.0574,0.0
2026-07-03 16:00:00+00:00,1.044371,0.0574,0.0
2026-07-03 17:00:00+00:00,1.044371,0.0574,0.0
2026-07-03 18:00:00+00:00,1.044371,0.0574,0.0
2026-07-03 19:00:00+00:00,1.044371,0.0574,0.0
2026-07-03 20:00:00+00:00,1.044371,0.0574,0.0
2026-07-03 21:00:00+00:00,1.044371,0.0574,0.0
2026-07-03 22:00:00+00:00,1.044371,0.0574,0.0
2026-07-03 23:00:00+00:00,1.044371,0.0574,0.0
2026-07-04 00:00:00+00:00,1.044371,0.0574,0.0
2026-07-04 01:00:00+00:00,1.044371,0.0574,0.0
2026-07-04 02:00:00+00:00,1.044371,0.0574,0.0
2026-07-04 03:00:00+00:00,1.044371,0.0574,0.0
2026-07-04 04:00:00+00:00,1.044371,0.0574,0.0
2026-07-04 05:00:00+00:00,1.044371,0.0574,0.0
2026-07-04 06:00:00+00:00,1.044371,0.0574,0.0
2026-07-04 07:00:00+00:00,1.044371,0.0574,0.0
2026-07-04 08:00:00+00:00,1.044371,0.0574,0.0
2026-07-04 09:00:00+00:00,1.044371,0.0574,0.0
2026-07-04 10:00:00+00:00,1.044371,0.0574,0.0
2026-07-04 11:00:00+00:00,1.044371,0.0574,0.0
2026-07-04 12:00:00+00:00,1.044371,0.0574,0.0
2026-07-04 13:00:00+00:00,1.044371,0.0574,0.0
2026-07-04 14:00:00+00:00,1.044371,0.0574,0.0
2026-07-04 15:00:00+00:00,1.044371,0.0574,0.0
2026-07-04 16:00:00+00:00,1.044371,0.0574,0.0
2026-07-04 17:00:00+00:00,1.044371,0.0574,0.0
2026-07-04 18:00:00+00:00,1.044371,0.0574,0.0
2026-07-04 19:00:00+00:00,1.044371,0.0574,0.0
2026-07-04 20:00:00+00:00,1.044371,0.0574,0.0
2026-07-04 21:00:00+00:00,1.044371,0.0574,0.0
2026-07-04 22:00:00+00:00,1.044371,0.0574,0.0
2026-07-04 23:00:00+00:00,1.044371,0.0574,0.0
2026-07-05 00:00:00+00:00,1.044371,0.0574,0.0
2026-07-05 01:00:00+00:00,1.044371,0.0574,0.0
2026-07-05 02:00:00+00:00,1.044371,0.0574,0.0
2026-07-05 03:00:00+00:00,1.044371,0.0574,0.0
2026-07-05 04:00:00+00:00,1.044371,0.0574,0.0
2026-07-05 05:00:00+00:00,1.044371,0.0574,0.0
2026-07-05 06:00:00+00:00,1.044371,0.0574,0.0
2026-07-05 07:00:00+00:00,1.044371,0.0574,0.0
2026-07-05 08:00:00+00:00,1.044371,0.0574,0.0
2026-07-05 09:00:00+00:00,1.044371,0.0574,0.0
2026-07-05 10:00:00+00:00,1.044371,0.0574,0.0
2026-07-05 11:00:00+00:00,1.044371,0.0574,0.0
2026-07-05 12:00:00+00:00,1.044371,0.0574,0.0
2026-07-05 13:00:00+00:00,1.044371,0.0574,0.0
2026-07-05 14:00:00+00:00,1.044371,0.0574,0.0
2026-07-05 15:00:00+00:00,1.044371,0.0574,0.0
2026-07-05 16:00:00+00:00,1.044371,0.0574,0.0
2026-07-05 17:00:00+00:00,1.044371,0.0574,0.0
2026-07-05 18:00:00+00:00,1.044371,0.0574,0.0
2026-07-05 19:00:00+00:00,1.044371,0.0574,0.0
2026-07-05 20:00:00+00:00,1.044371,0.0574,0.0
2026-07-05 21:00:00+00:00,1.044371,0.0574,0.0
2026-07-05 22:00:00+00:00,1.044371,0.0574,0.0
2026-07-05 23:00:00+00:00,1.044371,0.0574,0.0
2026-07-06 00:00:00+00:00,1.044371,0.0574,0.0
2026-07-06 01:00:00+00:00,1.044371,0.0574,0.0
2026-07-06 02:00:00+00:00,1.044371,0.0574,0.0
2026-07-06 03:00:00+00:00,1.044371,0.0574,0.0
2026-07-06 04:00:00+00:00,1.044371,0.0574,0.0
2026-07-06 05:00:00+00:00,1.044371,0.0574,0.0
2026-07-06 06:00:00+00:00,1.044371,0.0574,0.0
2026-07-06 07:00:00+00:00,1.044371,0.0574,0.0
2026-07-06 08:00:00+00:00,1.044371,0.0574,0.0
2026-07-06 09:00:00+00:00,1.044371,0.0574,0.0
2026-07-06 10:00:00+00:00,1.044371,0.0574,0.0
2026-07-06 11:00:00+00:00,1.044371,0.0574,0.0
2026-07-06 12:00:00+00:00,1.044371,0.0574,0.0
2026-07-06 13:00:00+00:00,1.044011,0.0919,-0.000345
2026-07-06 14:00:00+00:00,1.048808,0.0,0.004594
2026-07-06 15:00:00+00:00,1.07406,0.0,0.024076
2026-07-06 16:00:00+00:00,1.077204,0.0,0.002927
2026-07-06 17:00:00+00:00,1.076604,0.0557,-0.000557
2026-07-06 18:00:00+00:00,1.076604,0.0557,0.0
2026-07-06 19:00:00+00:00,1.076604,0.0557,0.0
2026-07-06 20:00:00+00:00,1.076604,0.0557,0.0
2026-07-06 21:00:00+00:00,1.076604,0.0557,0.0
2026-07-06 22:00:00+00:00,1.076604,0.0557,0.0
2026-07-06 23:00:00+00:00,1.076604,0.0557,0.0
2026-07-07 00:00:00+00:00,1.076604,0.0557,0.0
2026-07-07 01:00:00+00:00,1.076604,0.0557,0.0
2026-07-07 02:00:00+00:00,1.076604,0.0557,0.0
2026-07-07 03:00:00+00:00,1.076604,0.0557,0.0
2026-07-07 04:00:00+00:00,1.076604,0.0557,0.0
2026-07-07 05:00:00+00:00,1.076604,0.0557,0.0
2026-07-07 06:00:00+00:00,1.076604,0.0557,0.0
2026-07-07 07:00:00+00:00,1.076604,0.0557,0.0
2026-07-07 08:00:00+00:00,1.076604,0.0557,0.0
2026-07-07 09:00:00+00:00,1.076604,0.0557,0.0
2026-07-07 10:00:00+00:00,1.076604,0.0557,0.0
2026-07-07 11:00:00+00:00,1.076604,0.0557,0.0
2026-07-07 12:00:00+00:00,1.076604,0.0557,0.0
2026-07-07 13:00:00+00:00,1.076604,0.0557,0.0
2026-07-07 14:00:00+00:00,1.076604,0.0557,0.0
2026-07-07 15:00:00+00:00,1.076604,0.0557,0.0
2026-07-07 16:00:00+00:00,1.076604,0.0557,0.0
2026-07-07 17:00:00+00:00,1.076604,0.0557,0.0
2026-07-07 18:00:00+00:00,1.076604,0.0557,0.0
2026-07-07 19:00:00+00:00,1.076604,0.0557,0.0
2026-07-07 20:00:00+00:00,1.076604,0.0557,0.0
2026-07-07 21:00:00+00:00,1.076604,0.0557,0.0
2026-07-07 22:00:00+00:00,1.076604,0.0557,0.0
2026-07-07 23:00:00+00:00,1.076604,0.0557,0.0
2026-07-08 00:00:00+00:00,1.076604,0.0557,0.0
2026-07-08 01:00:00+00:00,1.076604,0.0557,0.0
2026-07-08 02:00:00+00:00,1.076604,0.0557,0.0
2026-07-08 03:00:00+00:00,1.076604,0.0557,0.0
2026-07-08 04:00:00+00:00,1.076604,0.0557,0.0
2026-07-08 05:00:00+00:00,1.076604,0.0557,0.0
2026-07-08 06:00:00+00:00,1.076604,0.0557,0.0
2026-07-08 07:00:00+00:00,1.076604,0.0557,0.0
2026-07-08 08:00:00+00:00,1.076604,0.0557,0.0
2026-07-08 09:00:00+00:00,1.076604,0.0557,0.0
2026-07-08 10:00:00+00:00,1.076604,0.0557,0.0
2026-07-08 11:00:00+00:00,1.076604,0.0557,0.0
2026-07-08 12:00:00+00:00,1.076604,0.0557,0.0
2026-07-08 13:00:00+00:00,1.076604,0.0557,0.0
2026-07-08 14:00:00+00:00,1.076604,0.0557,0.0
2026-07-08 15:00:00+00:00,1.076604,0.0557,0.0
2026-07-08 16:00:00+00:00,1.076604,0.0557,0.0
2026-07-08 17:00:00+00:00,1.076604,0.0557,0.0
2026-07-08 18:00:00+00:00,1.076604,0.0557,0.0
2026-07-08 19:00:00+00:00,1.076604,0.0557,0.0
2026-07-08 20:00:00+00:00,1.076604,0.0557,0.0
2026-07-08 21:00:00+00:00,1.076604,0.0557,0.0
2026-07-08 22:00:00+00:00,1.076604,0.0557,0.0
2026-07-08 23:00:00+00:00,1.076604,0.0557,0.0
2026-07-09 00:00:00+00:00,1.076604,0.0557,0.0
2026-07-09 01:00:00+00:00,1.076604,0.0557,0.0
2026-07-09 02:00:00+00:00,1.076604,0.0557,0.0
2026-07-09 03:00:00+00:00,1.076604,0.0557,0.0
2026-07-09 04:00:00+00:00,1.076604,0.0557,0.0
2026-07-09 05:00:00+00:00,1.076604,0.0557,0.0
2026-07-09 06:00:00+00:00,1.076604,0.0557,0.0
2026-07-09 07:00:00+00:00,1.076604,0.0557,0.0
2026-07-09 08:00:00+00:00,1.076604,0.0557,0.0
2026-07-09 09:00:00+00:00,1.076604,0.0557,0.0
2026-07-09 10:00:00+00:00,1.076604,0.0557,0.0
2026-07-09 11:00:00+00:00,1.076604,0.0557,0.0
2026-07-09 12:00:00+00:00,1.076604,0.0557,0.0
2026-07-09 13:00:00+00:00,1.076604,0.0557,0.0
2026-07-09 14:00:00+00:00,1.076604,0.0557,0.0
2026-07-09 15:00:00+00:00,1.076604,0.0557,0.0
2026-07-09 16:00:00+00:00,1.076604,0.0557,0.0
2026-07-09 17:00:00+00:00,1.076604,0.0557,0.0
2026-07-09 18:00:00+00:00,1.076604,0.0557,0.0
2026-07-09 19:00:00+00:00,1.076604,0.0557,0.0
2026-07-09 20:00:00+00:00,1.076604,0.0557,0.0
2026-07-09 21:00:00+00:00,1.076604,0.0557,0.0
2026-07-09 22:00:00+00:00,1.076604,0.0557,0.0
2026-07-09 23:00:00+00:00,1.076604,0.0557,0.0
2026-07-10 00:00:00+00:00,1.076604,0.0557,0.0
2026-07-10 01:00:00+00:00,1.076604,0.0557,0.0
2026-07-10 02:00:00+00:00,1.076604,0.0557,0.0
2026-07-10 03:00:00+00:00,1.076604,0.0557,0.0
2026-07-10 04:00:00+00:00,1.076604,0.0557,0.0
2026-07-10 05:00:00+00:00,1.076604,0.0557,0.0
2026-07-10 06:00:00+00:00,1.076604,0.0557,0.0
2026-07-10 07:00:00+00:00,1.076604,0.0557,0.0
2026-07-10 08:00:00+00:00,1.076604,0.0557,0.0
2026-07-10 09:00:00+00:00,1.076604,0.0557,0.0
2026-07-10 10:00:00+00:00,1.076604,0.0557,0.0
2026-07-10 11:00:00+00:00,1.076604,0.0557,0.0
2026-07-10 12:00:00+00:00,1.076604,0.0557,0.0
2026-07-10 13:00:00+00:00,1.076604,0.0557,0.0
2026-07-10 14:00:00+00:00,1.076604,0.0557,0.0
2026-07-10 15:00:00+00:00,1.076604,0.0557,0.0
2026-07-10 16:00:00+00:00,1.076604,0.0557,0.0
2026-07-10 17:00:00+00:00,1.076604,0.0557,0.0
2026-07-10 18:00:00+00:00,1.076604,0.0557,0.0
2026-07-10 19:00:00+00:00,1.076604,0.0557,0.0
2026-07-10 20:00:00+00:00,1.076604,0.0557,0.0
2026-07-10 21:00:00+00:00,1.076604,0.0557,0.0
2026-07-10 22:00:00+00:00,1.076604,0.0557,0.0
2026-07-10 23:00:00+00:00,1.076604,0.0557,0.0
2026-07-11 00:00:00+00:00,1.076604,0.0557,0.0
2026-07-11 01:00:00+00:00,1.076604,0.0557,0.0
2026-07-11 02:00:00+00:00,1.076604,0.0557,0.0
2026-07-11 03:00:00+00:00,1.076604,0.0557,0.0
2026-07-11 04:00:00+00:00,1.076604,0.0557,0.0
2026-07-11 05:00:00+00:00,1.076604,0.0557,0.0
2026-07-11 06:00:00+00:00,1.076604,0.0557,0.0
2026-07-11 07:00:00+00:00,1.076604,0.0557,0.0
2026-07-11 08:00:00+00:00,1.076604,0.0557,0.0
2026-07-11 09:00:00+00:00,1.076604,0.0557,0.0
2026-07-11 10:00:00+00:00,1.076604,0.0557,0.0
2026-07-11 11:00:00+00:00,1.076604,0.0557,0.0
2026-07-11 12:00:00+00:00,1.076604,0.0557,0.0
2026-07-11 13:00:00+00:00,1.076604,0.0557,0.0
2026-07-11 14:00:00+00:00,1.076604,0.0557,0.0
2026-07-11 15:00:00+00:00,1.076604,0.0557,0.0
2026-07-11 16:00:00+00:00,1.076604,0.0557,0.0
2026-07-11 17:00:00+00:00,1.076604,0.0557,0.0
2026-07-11 18:00:00+00:00,1.076604,0.0557,0.0
2026-07-11 19:00:00+00:00,1.076604,0.0557,0.0
2026-07-11 20:00:00+00:00,1.076604,0.0557,0.0
2026-07-11 21:00:00+00:00,1.076604,0.0557,0.0
2026-07-11 22:00:00+00:00,1.076604,0.0557,0.0
2026-07-11 23:00:00+00:00,1.076604,0.0557,0.0
2026-07-12 00:00:00+00:00,1.076604,0.0557,0.0
2026-07-12 01:00:00+00:00,1.076604,0.0557,0.0
2026-07-12 02:00:00+00:00,1.076604,0.0557,0.0
2026-07-12 03:00:00+00:00,1.076604,0.0557,0.0
2026-07-12 04:00:00+00:00,1.076604,0.0557,0.0
2026-07-12 05:00:00+00:00,1.076604,0.0557,0.0
2026-07-12 06:00:00+00:00,1.076604,0.0557,0.0
2026-07-12 07:00:00+00:00,1.076604,0.0557,0.0
2026-07-12 08:00:00+00:00,1.076604,0.0557,0.0
2026-07-12 09:00:00+00:00,1.076604,0.0557,0.0
2026-07-12 10:00:00+00:00,1.076604,0.0557,0.0
2026-07-12 11:00:00+00:00,1.076604,0.0557,0.0
2026-07-12 12:00:00+00:00,1.076604,0.0557,0.0
2026-07-12 13:00:00+00:00,1.076604,0.0557,0.0
2026-07-12 14:00:00+00:00,1.076604,0.0557,0.0
2026-07-12 15:00:00+00:00,1.076604,0.0557,0.0
2026-07-12 16:00:00+00:00,1.076604,0.0557,0.0
2026-07-12 17:00:00+00:00,1.076604,0.0557,0.0
2026-07-12 18:00:00+00:00,1.076604,0.0557,0.0
2026-07-12 19:00:00+00:00,1.076604,0.0557,0.0
2026-07-12 20:00:00+00:00,1.076604,0.0557,0.0
2026-07-12 21:00:00+00:00,1.076604,0.0557,0.0
2026-07-12 22:00:00+00:00,1.076604,0.0557,0.0
2026-07-12 23:00:00+00:00,1.076604,0.0557,0.0
2026-07-13 00:00:00+00:00,1.076604,0.0557,0.0
2026-07-13 01:00:00+00:00,1.076604,0.0557,0.0
2026-07-13 02:00:00+00:00,1.076604,0.0557,0.0
2026-07-13 03:00:00+00:00,1.076604,0.0557,0.0
2026-07-13 04:00:00+00:00,1.076604,0.0557,0.0
2026-07-13 05:00:00+00:00,1.076604,0.0557,0.0
2026-07-13 06:00:00+00:00,1.075979,0.1137,-0.00058
2026-07-13 07:00:00+00:00,1.079199,0.0,0.002993
2026-07-13 08:00:00+00:00,1.078599,0.0556,-0.000556
2026-07-13 09:00:00+00:00,1.078599,0.0556,0.0
2026-07-13 10:00:00+00:00,1.078599,0.0556,0.0
2026-07-13 11:00:00+00:00,1.078599,0.0556,0.0
2026-07-13 12:00:00+00:00,1.078599,0.0556,0.0
2026-07-13 13:00:00+00:00,1.078599,0.0556,0.0
2026-07-13 14:00:00+00:00,1.078599,0.0556,0.0
2026-07-13 15:00:00+00:00,1.078599,0.0556,0.0
2026-07-13 16:00:00+00:00,1.078599,0.0556,0.0
2026-07-13 17:00:00+00:00,1.078599,0.0556,0.0
2026-07-13 18:00:00+00:00,1.078599,0.0556,0.0
2026-07-13 19:00:00+00:00,1.078599,0.0556,0.0
2026-07-13 20:00:00+00:00,1.078599,0.0556,0.0
2026-07-13 21:00:00+00:00,1.078599,0.0556,0.0
2026-07-13 22:00:00+00:00,1.078599,0.0556,0.0
2026-07-13 23:00:00+00:00,1.078599,0.0556,0.0
2026-07-14 00:00:00+00:00,1.078599,0.0556,0.0
2026-07-14 01:00:00+00:00,1.078599,0.0556,0.0
2026-07-14 02:00:00+00:00,1.078599,0.0556,0.0
2026-07-14 03:00:00+00:00,1.078599,0.0556,0.0
2026-07-14 04:00:00+00:00,1.078599,0.0556,0.0
2026-07-14 05:00:00+00:00,1.078599,0.0556,0.0
2026-07-14 06:00:00+00:00,1.078599,0.0556,0.0
2026-07-14 07:00:00+00:00,1.078599,0.0556,0.0
2026-07-14 08:00:00+00:00,1.078599,0.0556,0.0
2026-07-14 09:00:00+00:00,1.078599,0.0556,0.0
2026-07-14 10:00:00+00:00,1.078599,0.0556,0.0
2026-07-14 11:00:00+00:00,1.078599,0.0556,0.0
2026-07-14 12:00:00+00:00,1.078599,0.0556,0.0
2026-07-14 13:00:00+00:00,1.078599,0.0556,0.0
2026-07-14 14:00:00+00:00,1.078599,0.0556,0.0
2026-07-14 15:00:00+00:00,1.078599,0.0556,0.0
2026-07-14 16:00:00+00:00,1.078599,0.0556,0.0
2026-07-14 17:00:00+00:00,1.078599,0.0556,0.0
2026-07-14 18:00:00+00:00,1.078599,0.0556,0.0
2026-07-14 19:00:00+00:00,1.078599,0.0556,0.0
2026-07-14 20:00:00+00:00,1.078599,0.0556,0.0
2026-07-14 21:00:00+00:00,1.078599,0.0556,0.0
2026-07-14 22:00:00+00:00,1.078599,0.0556,0.0
2026-07-14 23:00:00+00:00,1.078599,0.0556,0.0
2026-07-15 00:00:00+00:00,1.078599,0.0556,0.0
2026-07-15 01:00:00+00:00,1.078599,0.0556,0.0
2026-07-15 02:00:00+00:00,1.078599,0.0556,0.0
2026-07-15 03:00:00+00:00,1.078599,0.0556,0.0
2026-07-15 04:00:00+00:00,1.078599,0.0556,0.0
2026-07-15 05:00:00+00:00,1.078599,0.0556,0.0
2026-07-15 06:00:00+00:00,1.078599,0.0556,0.0
2026-07-15 07:00:00+00:00,1.078599,0.0556,0.0
2026-07-15 08:00:00+00:00,1.078599,0.0556,0.0
2026-07-15 09:00:00+00:00,1.078599,0.0556,0.0
2026-07-15 10:00:00+00:00,1.078599,0.0556,0.0
2026-07-15 11:00:00+00:00,1.078599,0.0556,0.0
2026-07-15 12:00:00+00:00,1.078599,0.0556,0.0
2026-07-15 13:00:00+00:00,1.078599,0.0556,0.0
2026-07-15 14:00:00+00:00,1.078599,0.0556,0.0
2026-07-15 15:00:00+00:00,1.078599,0.0556,0.0
2026-07-15 16:00:00+00:00,1.078599,0.0556,0.0
2026-07-15 17:00:00+00:00,1.078599,0.0556,0.0
2026-07-15 18:00:00+00:00,1.078599,0.0556,0.0
2026-07-15 19:00:00+00:00,1.078599,0.0556,0.0
2026-07-15 20:00:00+00:00,1.078599,0.0556,0.0
2026-07-15 21:00:00+00:00,1.078599,0.0556,0.0
2026-07-15 22:00:00+00:00,1.078599,0.0556,0.0
2026-07-15 23:00:00+00:00,1.078599,0.0556,0.0
2026-07-16 00:00:00+00:00,1.078599,0.0556,0.0
2026-07-16 01:00:00+00:00,1.078599,0.0556,0.0
2026-07-16 02:00:00+00:00,1.078599,0.0556,0.0
2026-07-16 03:00:00+00:00,1.078599,0.0556,0.0
2026-07-16 04:00:00+00:00,1.078599,0.0556,0.0
2026-07-16 05:00:00+00:00,1.078599,0.0556,0.0
2026-07-16 06:00:00+00:00,1.078599,0.0556,0.0
2026-07-16 07:00:00+00:00,1.078599,0.0556,0.0
2026-07-16 08:00:00+00:00,1.078599,0.0556,0.0
2026-07-16 09:00:00+00:00,1.078599,0.0556,0.0
2026-07-16 10:00:00+00:00,1.078599,0.0556,0.0
2026-07-16 11:00:00+00:00,1.078599,0.0556,0.0
2026-07-16 12:00:00+00:00,1.078599,0.0556,0.0
2026-07-16 13:00:00+00:00,1.078599,0.0556,0.0
2026-07-16 14:00:00+00:00,1.078599,0.0556,0.0
2026-07-16 15:00:00+00:00,1.078599,0.0556,0.0
2026-07-16 16:00:00+00:00,1.078599,0.0556,0.0
2026-07-16 17:00:00+00:00,1.078599,0.0556,0.0
2026-07-16 18:00:00+00:00,1.078599,0.0556,0.0
2026-07-16 19:00:00+00:00,1.078599,0.0556,0.0
2026-07-16 20:00:00+00:00,1.078599,0.0556,0.0
2026-07-16 21:00:00+00:00,1.078599,0.0556,0.0
2026-07-16 22:00:00+00:00,1.078599,0.0556,0.0
2026-07-16 23:00:00+00:00,1.078599,0.0556,0.0
2026-07-17 00:00:00+00:00,1.078599,0.0556,0.0
2026-07-17 01:00:00+00:00,1.078599,0.0556,0.0
2026-07-17 02:00:00+00:00,1.078599,0.0556,0.0
2026-07-17 03:00:00+00:00,1.078599,0.0556,0.0
2026-07-17 04:00:00+00:00,1.078599,0.0556,0.0
2026-07-17 05:00:00+00:00,1.078599,0.0556,0.0
2026-07-17 06:00:00+00:00,1.078599,0.0556,0.0
2026-07-17 07:00:00+00:00,1.078599,0.0556,0.0
2026-07-17 08:00:00+00:00,1.078599,0.0556,0.0
2026-07-17 09:00:00+00:00,1.078599,0.0556,0.0
2026-07-17 10:00:00+00:00,1.078599,0.0556,0.0
2026-07-17 11:00:00+00:00,1.078599,0.0556,0.0
2026-07-17 12:00:00+00:00,1.078599,0.0556,0.0
2026-07-17 13:00:00+00:00,1.078599,0.0556,0.0
2026-07-17 14:00:00+00:00,1.078599,0.0556,0.0
2026-07-17 15:00:00+00:00,1.078599,0.0556,0.0
2026-07-17 16:00:00+00:00,1.078599,0.0556,0.0
2026-07-17 17:00:00+00:00,1.078599,0.0556,0.0
2026-07-17 18:00:00+00:00,1.078599,0.0556,0.0
2026-07-17 19:00:00+00:00,1.078599,0.0556,0.0
2026-07-17 20:00:00+00:00,1.078599,0.0556,0.0
2026-07-17 21:00:00+00:00,1.078599,0.0556,0.0
2026-07-17 22:00:00+00:00,1.078599,0.0556,0.0
2026-07-17 23:00:00+00:00,1.078599,0.0556,0.0
2026-07-18 00:00:00+00:00,1.078599,0.0556,0.0
2026-07-18 01:00:00+00:00,1.078599,0.0556,0.0
2026-07-18 02:00:00+00:00,1.078599,0.0556,0.0
2026-07-18 03:00:00+00:00,1.078599,0.0556,0.0
2026-07-18 04:00:00+00:00,1.078599,0.0556,0.0
2026-07-18 05:00:00+00:00,1.078599,0.0556,0.0
2026-07-18 06:00:00+00:00,1.078599,0.0556,0.0
2026-07-18 07:00:00+00:00,1.078599,0.0556,0.0
2026-07-18 08:00:00+00:00,1.078599,0.0556,0.0
2026-07-18 09:00:00+00:00,1.078599,0.0556,0.0
2026-07-18 10:00:00+00:00,1.078599,0.0556,0.0
2026-07-18 11:00:00+00:00,1.078599,0.0556,0.0
2026-07-18 12:00:00+00:00,1.078599,0.0556,0.0
2026-07-18 13:00:00+00:00,1.078599,0.0556,0.0
2026-07-18 14:00:00+00:00,1.078599,0.0556,0.0
2026-07-18 15:00:00+00:00,1.078599,0.0556,0.0
2026-07-18 16:00:00+00:00,1.078599,0.0556,0.0
2026-07-18 17:00:00+00:00,1.078599,0.0556,0.0
2026-07-18 18:00:00+00:00,1.078599,0.0556,0.0
2026-07-18 19:00:00+00:00,1.078599,0.0556,0.0
2026-07-18 20:00:00+00:00,1.078599,0.0556,0.0
2026-07-18 21:00:00+00:00,1.078599,0.0556,0.0
2026-07-18 22:00:00+00:00,1.078599,0.0556,0.0
2026-07-18 23:00:00+00:00,1.078599,0.0556,0.0
2026-07-19 00:00:00+00:00,1.078599,0.0556,0.0
2026-07-19 01:00:00+00:00,1.078599,0.0556,0.0
2026-07-19 02:00:00+00:00,1.078599,0.0556,0.0
2026-07-19 03:00:00+00:00,1.078599,0.0556,0.0
2026-07-19 04:00:00+00:00,1.078599,0.0556,0.0
2026-07-19 05:00:00+00:00,1.078599,0.0556,0.0
2026-07-19 06:00:00+00:00,1.078599,0.0556,0.0
2026-07-19 07:00:00+00:00,1.078599,0.0556,0.0
2026-07-19 08:00:00+00:00,1.078599,0.0556,0.0
2026-07-19 09:00:00+00:00,1.078599,0.0556,0.0
2026-07-19 10:00:00+00:00,1.078599,0.0556,0.0
2026-07-19 11:00:00+00:00,1.078599,0.0556,0.0
2026-07-19 12:00:00+00:00,1.078599,0.0556,0.0
2026-07-19 13:00:00+00:00,1.078599,0.0556,0.0
2026-07-19 14:00:00+00:00,1.078599,0.0556,0.0
2026-07-19 15:00:00+00:00,1.078599,0.0556,0.0
2026-07-19 16:00:00+00:00,1.078599,0.0556,0.0
2026-07-19 17:00:00+00:00,1.078599,0.0556,0.0
2026-07-19 18:00:00+00:00,1.078599,0.0556,0.0
2026-07-19 19:00:00+00:00,1.078599,0.0556,0.0
2026-07-19 20:00:00+00:00,1.078599,0.0556,0.0
2026-07-19 21:00:00+00:00,1.078599,0.0556,0.0
2026-07-19 22:00:00+00:00,1.078599,0.0556,0.0
2026-07-19 23:00:00+00:00,1.078599,0.0556,0.0
2026-07-20 00:00:00+00:00,1.078599,0.0556,0.0
2026-07-20 01:00:00+00:00,1.078599,0.0556,0.0
2026-07-20 02:00:00+00:00,1.078599,0.0556,0.0
2026-07-20 03:00:00+00:00,1.078599,0.0556,0.0
2026-07-20 04:00:00+00:00,1.078599,0.0556,0.0
2026-07-20 05:00:00+00:00,1.078599,0.0556,0.0
2026-07-20 06:00:00+00:00,1.078599,0.0556,0.0
2026-07-20 07:00:00+00:00,1.078599,0.0556,0.0
2026-07-20 08:00:00+00:00,1.078599,0.0556,0.0
2026-07-20 09:00:00+00:00,1.078599,0.0556,0.0
2026-07-20 10:00:00+00:00,1.079707,0.0,0.001027
2026-07-20 11:00:00+00:00,1.079107,0.0556,-0.000556
2026-07-20 12:00:00+00:00,1.079107,0.0556,0.0
2026-07-20 13:00:00+00:00,1.079107,0.0556,0.0
2026-07-20 14:00:00+00:00,1.079107,0.0556,0.0
2026-07-20 15:00:00+00:00,1.079107,0.0556,0.0
2026-07-20 16:00:00+00:00,1.079107,0.0556,0.0
2026-07-20 17:00:00+00:00,1.079107,0.0556,0.0
2026-07-20 18:00:00+00:00,1.079107,0.0556,0.0
2026-07-20 19:00:00+00:00,1.079107,0.0556,0.0
2026-07-20 20:00:00+00:00,1.079107,0.0556,0.0
2026-07-20 21:00:00+00:00,1.079107,0.0556,0.0
2026-07-20 22:00:00+00:00,1.079107,0.0556,0.0
2026-07-20 23:00:00+00:00,1.079107,0.0556,0.0
2026-07-21 00:00:00+00:00,1.079107,0.0556,0.0
2026-07-21 01:00:00+00:00,1.079107,0.0556,0.0
2026-07-21 02:00:00+00:00,1.079107,0.0556,0.0
2026-07-21 03:00:00+00:00,1.079107,0.0556,0.0
2026-07-21 04:00:00+00:00,1.079107,0.0556,0.0
2026-07-21 05:00:00+00:00,1.079107,0.0556,0.0
2026-07-21 06:00:00+00:00,1.079107,0.0556,0.0
2026-07-21 07:00:00+00:00,1.079107,0.0556,0.0
2026-07-21 08:00:00+00:00,1.079107,0.0556,0.0
2026-07-21 09:00:00+00:00,1.079107,0.0556,0.0
2026-07-21 10:00:00+00:00,1.079107,0.0556,0.0
2026-07-21 11:00:00+00:00,1.079107,0.0556,0.0
2026-07-21 12:00:00+00:00,1.079107,0.0556,0.0
2026-07-21 13:00:00+00:00,1.079107,0.0556,0.0
2026-07-21 14:00:00+00:00,1.079107,0.0556,0.0
2026-07-21 15:00:00+00:00,1.079107,0.0556,0.0
2026-07-21 16:00:00+00:00,1.079107,0.0556,0.0
2026-07-21 17:00:00+00:00,1.079107,0.0556,0.0
2026-07-21 18:00:00+00:00,1.079107,0.0556,0.0
2026-07-21 19:00:00+00:00,1.079107,0.0556,0.0
2026-07-21 20:00:00+00:00,1.079107,0.0556,0.0
2026-07-21 21:00:00+00:00,1.079107,0.0556,0.0
2026-07-21 22:00:00+00:00,1.079107,0.0556,0.0
2026-07-21 23:00:00+00:00,1.079107,0.0556,0.0
2026-07-22 00:00:00+00:00,1.079107,0.0556,0.0
2026-07-22 01:00:00+00:00,1.079107,0.0556,0.0
2026-07-22 02:00:00+00:00,1.079107,0.0556,0.0
2026-07-22 03:00:00+00:00,1.079107,0.0556,0.0
2026-07-22 04:00:00+00:00,1.079107,0.0556,0.0
2026-07-22 05:00:00+00:00,1.079107,0.0556,0.0
2026-07-22 06:00:00+00:00,1.079107,0.0556,0.0
2026-07-22 07:00:00+00:00,1.079107,0.0556,0.0
2026-07-22 08:00:00+00:00,1.079107,0.0556,0.0
2026-07-22 09:00:00+00:00,1.079107,0.0556,0.0
2026-07-22 10:00:00+00:00,1.079107,0.0556,0.0
2026-07-22 11:00:00+00:00,1.079107,0.0556,0.0
2026-07-22 12:00:00+00:00,1.079107,0.0556,0.0
2026-07-22 13:00:00+00:00,1.079107,0.0556,0.0
2026-07-22 14:00:00+00:00,1.079107,0.0556,0.0
2026-07-22 15:00:00+00:00,1.079107,0.0556,0.0
2026-07-22 16:00:00+00:00,1.079107,0.0556,0.0
2026-07-22 17:00:00+00:00,1.079107,0.0556,0.0
2026-07-22 18:00:00+00:00,1.079107,0.0556,0.0
2026-07-22 19:00:00+00:00,1.079107,0.0556,0.0
2026-07-22 20:00:00+00:00,1.079107,0.0556,0.0
2026-07-22 21:00:00+00:00,1.079107,0.0556,0.0
2026-07-22 22:00:00+00:00,1.079107,0.0556,0.0
2026-07-22 23:00:00+00:00,1.079107,0.0556,0.0
2026-07-23 00:00:00+00:00,1.079107,0.0556,0.0
2026-07-23 01:00:00+00:00,1.079107,0.0556,0.0
2026-07-23 02:00:00+00:00,1.079107,0.0556,0.0
2026-07-23 03:00:00+00:00,1.079107,0.0556,0.0
2026-07-23 04:00:00+00:00,1.079107,0.0556,0.0
2026-07-23 05:00:00+00:00,1.079107,0.0556,0.0
2026-07-23 06:00:00+00:00,1.079107,0.0556,0.0
2026-07-23 07:00:00+00:00,1.079107,0.0556,0.0
2026-07-23 08:00:00+00:00,1.079107,0.0556,0.0
2026-07-23 09:00:00+00:00,1.079107,0.0556,0.0
2026-07-23 10:00:00+00:00,1.079107,0.0556,0.0
2026-07-23 11:00:00+00:00,1.079107,0.0556,0.0
2026-07-23 12:00:00+00:00,1.079107,0.0556,0.0
2026-07-23 13:00:00+00:00,1.079107,0.0556,0.0
2026-07-23 14:00:00+00:00,1.079107,0.0556,0.0
2026-07-23 15:00:00+00:00,1.079107,0.0556,0.0
2026-07-23 16:00:00+00:00,1.075161,0.421,-0.003657
2026-07-23 17:00:00+00:00,1.073906,0.5372,-0.001167
2026-07-23 18:00:00+00:00,1.077025,0.2484,0.002904
2026-07-23 19:00:00+00:00,1.076657,0.2825,-0.000342
2026-07-23 20:00:00+00:00,1.076057,0.338,-0.000557
2026-07-23 21:00:00+00:00,1.076057,0.338,0.0
2026-07-23 22:00:00+00:00,1.076057,0.338,0.0
2026-07-23 23:00:00+00:00,1.076057,0.338,0.0
2026-07-24 00:00:00+00:00,1.076057,0.338,0.0
2026-07-24 01:00:00+00:00,1.076057,0.338,0.0
2026-07-24 02:00:00+00:00,1.076057,0.338,0.0
2026-07-24 03:00:00+00:00,1.076057,0.338,0.0
2026-07-24 04:00:00+00:00,1.076057,0.338,0.0
2026-07-24 05:00:00+00:00,1.076057,0.338,0.0
2026-07-24 06:00:00+00:00,1.076057,0.338,0.0
2026-07-24 07:00:00+00:00,1.076057,0.338,0.0
2026-07-24 08:00:00+00:00,1.076057,0.338,0.0
2026-07-24 09:00:00+00:00,1.076057,0.338,0.0
2026-07-24 10:00:00+00:00,1.076057,0.338,0.0
2026-07-24 11:00:00+00:00,1.076057,0.338,0.0
2026-07-24 12:00:00+00:00,1.076057,0.338,0.0
2026-07-24 13:00:00+00:00,1.076057,0.338,0.0
2026-07-24 14:00:00+00:00,1.076057,0.338,0.0
2026-07-24 15:00:00+00:00,1.076057,0.338,0.0
2026-07-24 16:00:00+00:00,1.076057,0.338,0.0
2026-07-24 17:00:00+00:00,1.076057,0.338,0.0
2026-07-24 18:00:00+00:00,1.076057,0.338,0.0
2026-07-24 19:00:00+00:00,1.076057,0.338,0.0
2026-07-24 20:00:00+00:00,1.076057,0.338,0.0
2026-07-24 21:00:00+00:00,1.076057,0.338,0.0
2026-07-24 22:00:00+00:00,1.076057,0.338,0.0
2026-07-24 23:00:00+00:00,1.076057,0.338,0.0
2026-07-25 00:00:00+00:00,1.076057,0.338,0.0
2026-07-25 01:00:00+00:00,1.076057,0.338,0.0
2026-07-25 02:00:00+00:00,1.076057,0.338,0.0
2026-07-25 03:00:00+00:00,1.076057,0.338,0.0
2026-07-25 04:00:00+00:00,1.076057,0.338,0.0
2026-07-25 05:00:00+00:00,1.076057,0.338,0.0
2026-07-25 06:00:00+00:00,1.076057,0.338,0.0
2026-07-25 07:00:00+00:00,1.076057,0.338,0.0
2026-07-25 08:00:00+00:00,1.076057,0.338,0.0
2026-07-25 09:00:00+00:00,1.076057,0.338,0.0
2026-07-25 10:00:00+00:00,1.076057,0.338,0.0
2026-07-25 11:00:00+00:00,1.076057,0.338,0.0
2026-07-25 12:00:00+00:00,1.076057,0.338,0.0
2026-07-25 13:00:00+00:00,1.076057,0.338,0.0
2026-07-25 14:00:00+00:00,1.076057,0.338,0.0
2026-07-25 15:00:00+00:00,1.076057,0.338,0.0
2026-07-25 16:00:00+00:00,1.076057,0.338,0.0
2026-07-25 17:00:00+00:00,1.076057,0.338,0.0
2026-07-25 18:00:00+00:00,1.076057,0.338,0.0
2026-07-25 19:00:00+00:00,1.076057,0.338,0.0
2026-07-25 20:00:00+00:00,1.076057,0.338,0.0
2026-07-25 21:00:00+00:00,1.076057,0.338,0.0
2026-07-25 22:00:00+00:00,1.076057,0.338,0.0
2026-07-25 23:00:00+00:00,1.076057,0.338,0.0
2026-07-26 00:00:00+00:00,1.076057,0.338,0.0
2026-07-26 01:00:00+00:00,1.076057,0.338,0.0
2026-07-26 02:00:00+00:00,1.076057,0.338,0.0
2026-07-26 03:00:00+00:00,1.076057,0.338,0.0
2026-07-26 04:00:00+00:00,1.076057,0.338,0.0
2026-07-26 05:00:00+00:00,1.076057,0.338,0.0
2026-07-26 06:00:00+00:00,1.076057,0.338,0.0
2026-07-26 07:00:00+00:00,1.076057,0.338,0.0
2026-07-26 08:00:00+00:00,1.076057,0.338,0.0
2026-07-26 09:00:00+00:00,1.076057,0.338,0.0
2026-07-26 10:00:00+00:00,1.076057,0.338,0.0
2026-07-26 11:00:00+00:00,1.076057,0.338,0.0
2026-07-26 12:00:00+00:00,1.076057,0.338,0.0
2026-07-26 13:00:00+00:00,1.076057,0.338,0.0
2026-07-26 14:00:00+00:00,1.076057,0.338,0.0
2026-07-26 15:00:00+00:00,1.076057,0.338,0.0
2026-07-26 16:00:00+00:00,1.076057,0.338,0.0
2026-07-26 17:00:00+00:00,1.076057,0.338,0.0
2026-07-26 18:00:00+00:00,1.076057,0.338,0.0
2026-07-26 19:00:00+00:00,1.076057,0.338,0.0
2026-07-26 20:00:00+00:00,1.076057,0.338,0.0
2026-07-26 21:00:00+00:00,1.076057,0.338,0.0
2026-07-26 22:00:00+00:00,1.076057,0.338,0.0
2026-07-26 23:00:00+00:00,1.076057,0.338,0.0
2026-07-27 00:00:00+00:00,1.076057,0.338,0.0
2026-07-27 01:00:00+00:00,1.076057,0.338,0.0
2026-07-27 02:00:00+00:00,1.076057,0.338,0.0
2026-07-27 03:00:00+00:00,1.076057,0.338,0.0
2026-07-27 04:00:00+00:00,1.076057,0.338,0.0
2026-07-27 05:00:00+00:00,1.076057,0.338,0.0
2026-07-27 06:00:00+00:00,1.076057,0.338,0.0
2026-07-27 07:00:00+00:00,1.076057,0.338,0.0
2026-07-27 08:00:00+00:00,1.076057,0.338,0.0
2026-07-27 09:00:00+00:00,1.076057,0.338,0.0
2026-07-27 10:00:00+00:00,1.076057,0.338,0.0
2026-07-27 11:00:00+00:00,1.076057,0.338,0.0
2026-07-27 12:00:00+00:00,1.076057,0.338,0.0
2026-07-27 13:00:00+00:00,1.076057,0.338,0.0
2026-07-27 14:00:00+00:00,1.076057,0.338,0.0
2026-07-27 15:00:00+00:00,1.076057,0.338,0.0
2026-07-27 16:00:00+00:00,1.081196,0.0,0.004776
2026-07-27 17:00:00+00:00,1.083217,0.0,0.001869
2026-07-27 18:00:00+00:00,1.082617,0.0554,-0.000554
2026-07-27 19:00:00+00:00,1.082617,0.0554,0.0
2026-07-27 20:00:00+00:00,1.082617,0.0554,0.0
2026-07-27 21:00:00+00:00,1.082617,0.0554,0.0
2026-07-27 22:00:00+00:00,1.082617,0.0554,0.0
2026-07-27 23:00:00+00:00,1.082617,0.0554,0.0
2026-07-28 00:00:00+00:00,1.082617,0.0554,0.0
2026-07-28 01:00:00+00:00,1.082617,0.0554,0.0
2026-07-28 02:00:00+00:00,1.082617,0.0554,0.0
2026-07-28 03:00:00+00:00,1.082617,0.0554,0.0
2026-07-28 04:00:00+00:00,1.082617,0.0554,0.0
2026-07-28 05:00:00+00:00,1.082617,0.0554,0.0
2026-07-28 06:00:00+00:00,1.082617,0.0554,0.0
2026-07-28 07:00:00+00:00,1.082617,0.0554,0.0
2026-07-28 08:00:00+00:00,1.082617,0.0554,0.0
2026-07-28 09:00:00+00:00,1.082617,0.0554,0.0
2026-07-28 10:00:00+00:00,1.082617,0.0554,0.0
2026-07-28 11:00:00+00:00,1.082617,0.0554,0.0
2026-07-28 12:00:00+00:00,1.082617,0.0554,0.0
2026-07-28 13:00:00+00:00,1.082617,0.0554,0.0
2026-07-28 14:00:00+00:00,1.082617,0.0554,0.0
2026-07-28 15:00:00+00:00,1.082617,0.0554,0.0
2026-07-28 16:00:00+00:00,1.082617,0.0554,0.0
2026-07-28 17:00:00+00:00,1.082617,0.0554,0.0
2026-07-28 18:00:00+00:00,1.082617,0.0554,0.0
2026-07-28 19:00:00+00:00,1.082617,0.0554,0.0
2026-07-28 20:00:00+00:00,1.082617,0.0554,0.0
2026-07-28 21:00:00+00:00,1.082617,0.0554,0.0
2026-07-28 22:00:00+00:00,1.082617,0.0554,0.0
2026-07-28 23:00:00+00:00,1.082617,0.0554,0.0
2026-07-29 00:00:00+00:00,1.082617,0.0554,0.0
2026-07-29 01:00:00+00:00,1.082617,0.0554,0.0
2026-07-29 02:00:00+00:00,1.082617,0.0554,0.0
2026-07-29 03:00:00+00:00,1.082617,0.0554,0.0
2026-07-29 04:00:00+00:00,1.082617,0.0554,0.0
2026-07-29 05:00:00+00:00,1.082617,0.0554,0.0
2026-07-29 06:00:00+00:00,1.082617,0.0554,0.0
2026-07-29 07:00:00+00:00,1.082617,0.0554,0.0
2026-07-29 08:00:00+00:00,1.082617,0.0554,0.0
2026-07-29 09:00:00+00:00,1.082617,0.0554,0.0
2026-07-29 10:00:00+00:00,1.082617,0.0554,0.0
2026-07-29 11:00:00+00:00,1.082617,0.0554,0.0
2026-07-29 12:00:00+00:00,1.082617,0.0554,0.0
2026-07-29 13:00:00+00:00,1.082617,0.0554,0.0
2026-07-29 14:00:00+00:00,1.082617,0.0554,0.0
2026-07-29 15:00:00+00:00,1.082617,0.0554,0.0
2026-07-29 16:00:00+00:00,1.082617,0.0554,0.0
2026-07-29 17:00:00+00:00,1.082617,0.0554,0.0
2026-07-29 18:00:00+00:00,1.082617,0.0554,0.0
2026-07-29 19:00:00+00:00,1.082617,0.0554,0.0
2026-07-29 20:00:00+00:00,1.082617,0.0554,0.0
2026-07-29 21:00:00+00:00,1.082617,0.0554,0.0
2026-07-29 22:00:00+00:00,1.082617,0.0554,0.0
2026-07-29 23:00:00+00:00,1.082617,0.0554,0.0
2026-07-30 00:00:00+00:00,1.082617,0.0554,0.0
2026-07-30 01:00:00+00:00,1.082617,0.0554,0.0
2026-07-30 02:00:00+00:00,1.082617,0.0554,0.0
2026-07-30 03:00:00+00:00,1.082617,0.0554,0.0
2026-07-30 04:00:00+00:00,1.082617,0.0554,0.0
2026-07-30 05:00:00+00:00,1.082617,0.0554,0.0
2026-07-30 06:00:00+00:00,1.082617,0.0554,0.0
2026-07-30 07:00:00+00:00,1.082617,0.0554,0.0
2026-07-30 08:00:00+00:00,1.082617,0.0554,0.0
2026-07-30 09:00:00+00:00,1.082617,0.0554,0.0
2026-07-30 10:00:00+00:00,1.082617,0.0554,0.0
2026-07-30 11:00:00+00:00,1.082617,0.0554,0.0
2026-07-30 12:00:00+00:00,1.082617,0.0554,0.0
2026-07-30 13:00:00+00:00,1.082617,0.0554,0.0
2026-07-30 14:00:00+00:00,1.082617,0.0554,0.0
2026-07-30 15:00:00+00:00,1.082617,0.0554,0.0
2026-07-30 16:00:00+00:00,1.082617,0.0554,0.0
2026-07-30 17:00:00+00:00,1.082617,0.0554,0.0
2026-07-30 18:00:00+00:00,1.082617,0.0554,0.0
2026-07-30 19:00:00+00:00,1.082617,0.0554,0.0
2026-07-30 20:00:00+00:00,1.082617,0.0554,0.0
2026-07-30 21:00:00+00:00,1.082617,0.0554,0.0
2026-07-30 22:00:00+00:00,1.082617,0.0554,0.0
2026-07-30 23:00:00+00:00,1.082617,0.0554,0.0
2026-07-31 00:00:00+00:00,1.082617,0.0554,0.0
2026-07-31 01:00:00+00:00,1.082617,0.0554,0.0
2026-07-31 02:00:00+00:00,1.082617,0.0554,0.0
2026-07-31 03:00:00+00:00,1.082617,0.0554,0.0
2026-07-31 04:00:00+00:00,1.082617,0.0554,0.0
2026-07-31 05:00:00+00:00,1.082617,0.0554,0.0
2026-07-31 06:00:00+00:00,1.082617,0.0554,0.0
2026-07-31 07:00:00+00:00,1.082617,0.0554,0.0
2026-07-31 08:00:00+00:00,1.082617,0.0554,0.0
2026-07-31 09:00:00+00:00,1.082617,0.0554,0.0
2026-07-31 10:00:00+00:00,1.082617,0.0554,0.0
2026-07-31 11:00:00+00:00,1.082617,0.0554,0.0
2026-07-31 12:00:00+00:00,1.082617,0.0554,0.0
2026-07-31 13:00:00+00:00,1.082617,0.0554,0.0
2026-07-31 14:00:00+00:00,1.082617,0.0554,0.0
2026-07-31 15:00:00+00:00,1.082617,0.0554,0.0
2026-07-31 16:00:00+00:00,1.082617,0.0554,0.0
2026-07-31 17:00:00+00:00,1.082617,0.0554,0.0
2026-07-31 18:00:00+00:00,1.082617,0.0554,0.0
2026-07-31 19:00:00+00:00,1.082617,0.0554,0.0
2026-07-31 20:00:00+00:00,1.082617,0.0554,0.0
2026-07-31 21:00:00+00:00,1.082617,0.0554,0.0
2026-07-31 22:00:00+00:00,1.082617,0.0554,0.0
2026-07-31 23:00:00+00:00,1.082617,0.0554,0.0
2026-08-01 00:00:00+00:00,1.082617,0.0554,0.0
2026-08-01 01:00:00+00:00,1.082617,0.0554,0.0
2026-08-01 02:00:00+00:00,1.082617,0.0554,0.0
2026-08-01 03:00:00+00:00,1.082617,0.0554,0.0
2026-08-01 04:00:00+00:00,1.082617,0.0554,0.0
2026-08-01 05:00:00+00:00,1.082617,0.0554,0.0
2026-08-01 06:00:00+00:00,1.082617,0.0554,0.0
2026-08-01 07:00:00+00:00,1.082617,0.0554,0.0
2026-08-01 08:00:00+00:00,1.082617,0.0554,0.0
2026-08-01 09:00:00+00:00,1.082617,0.0554,0.0
2026-08-01 10:00:00+00:00,1.082617,0.0554,0.0
2026-08-01 11:00:00+00:00,1.082617,0.0554,0.0
2026-08-01 12:00:00+00:00,1.082617,0.0554,0.0
2026-08-01 13:00:00+00:00,1.082617,0.0554,0.0
2026-08-01 14:00:00+00:00,1.082617,0.0554,0.0
2026-08-01 15:00:00+00:00,1.082617,0.0554,0.0
2026-08-01 16:00:00+00:00,1.082617,0.0554,0.0
2026-08-01 17:00:00+00:00,1.082617,0.0554,0.0
2026-08-01 18:00:00+00:00,1.082617,0.0554,0.0
2026-08-01 19:00:00+00:00,1.082617,0.0554,0.0
2026-08-01 20:00:00+00:00,1.082617,0.0554,0.0
2026-08-01 21:00:00+00:00,1.082617,0.0554,0.0
2026-08-01 22:00:00+00:00,1.082617,0.0554,0.0
2026-08-01 23:00:00+00:00,1.082617,0.0554,0.0
2026-08-02 00:00:00+00:00,1.082617,0.0554,0.0
2026-08-02 01:00:00+00:00,1.082617,0.0554,0.0
2026-08-02 02:00:00+00:00,1.082617,0.0554,0.0
2026-08-02 03:00:00+00:00,1.082617,0.0554,0.0
2026-08-02 04:00:00+00:00,1.082617,0.0554,0.0
2026-08-02 05:00:00+00:00,1.082617,0.0554,0.0
2026-08-02 06:00:00+00:00,1.082617,0.0554,0.0
2026-08-02 07:00:00+00:00,1.082617,0.0554,0.0
2026-08-02 08:00:00+00:00,1.082617,0.0554,0.0
2026-08-02 09:00:00+00:00,1.082617,0.0554,0.0
2026-08-02 10:00:00+00:00,1.082617,0.0554,0.0
2026-08-02 11:00:00+00:00,1.082617,0.0554,0.0
2026-08-02 12:00:00+00:00,1.082617,0.0554,0.0
2026-08-02 13:00:00+00:00,1.082617,0.0554,0.0
2026-08-02 14:00:00+00:00,1.082617,0.0554,0.0
2026-08-02 15:00:00+00:00,1.082617,0.0554,0.0
2026-08-02 16:00:00+00:00,1.082617,0.0554,0.0
2026-08-02 17:00:00+00:00,1.082617,0.0554,0.0
2026-08-02 18:00:00+00:00,1.082617,0.0554,0.0
2026-08-02 19:00:00+00:00,1.082617,0.0554,0.0
2026-08-02 20:00:00+00:00,1.082617,0.0554,0.0
2026-08-02 21:00:00+00:00,1.082617,0.0554,0.0
2026-08-02 22:00:00+00:00,1.082617,0.0554,0.0
2026-08-02 23:00:00+00:00,1.082617,0.0554,0.0
2026-08-03 00:00:00+00:00,1.082617,0.0554,0.0
2026-08-03 01:00:00+00:00,1.082617,0.0554,0.0
2026-08-03 02:00:00+00:00,1.082617,0.0554,0.0
2026-08-03 03:00:00+00:00,1.082617,0.0554,0.0
2026-08-03 04:00:00+00:00,1.082617,0.0554,0.0
2026-08-03 05:00:00+00:00,1.082617,0.0554,0.0
2026-08-03 06:00:00+00:00,1.082617,0.0554,0.0
2026-08-03 07:00:00+00:00,1.082617,0.0554,0.0
2026-08-03 08:00:00+00:00,1.082617,0.0554,0.0
2026-08-03 09:00:00+00:00,1.082617,0.0554,0.0
2026-08-03 10:00:00+00:00,1.082617,0.0554,0.0
2026-08-03 11:00:00+00:00,1.082617,0.0554,0.0
2026-08-03 12:00:00+00:00,1.082617,0.0554,0.0
2026-08-03 13:00:00+00:00,1.082617,0.0554,0.0
2026-08-03 14:00:00+00:00,1.082617,0.0554,0.0
2026-08-03 15:00:00+00:00,1.082617,0.0554,0.0
2026-08-03 16:00:00+00:00,1.082617,0.0554,0.0
2026-08-03 17:00:00+00:00,1.082617,0.0554,0.0
2026-08-03 18:00:00+00:00,1.082617,0.0554,0.0
2026-08-03 19:00:00+00:00,1.082617,0.0554,0.0
2026-08-03 20:00:00+00:00,1.082617,0.0554,0.0
2026-08-03 21:00:00+00:00,1.082617,0.0554,0.0
2026-08-03 22:00:00+00:00,1.082617,0.0554,0.0
2026-08-03 23:00:00+00:00,1.082617,0.0554,0.0
2026-08-04 00:00:00+00:00,1.082617,0.0554,0.0
2026-08-04 01:00:00+00:00,1.082617,0.0554,0.0
2026-08-04 02:00:00+00:00,1.082617,0.0554,0.0
2026-08-04 03:00:00+00:00,1.082617,0.0554,0.0
2026-08-04 04:00:00+00:00,1.082617,0.0554,0.0
2026-08-04 05:00:00+00:00,1.082617,0.0554,0.0
2026-08-04 06:00:00+00:00,1.082617,0.0554,0.0
2026-08-04 07:00:00+00:00,1.082617,0.0554,0.0
2026-08-04 08:00:00+00:00,1.082617,0.0554,0.0
2026-08-04 09:00:00+00:00,1.082617,0.0554,0.0
2026-08-04 10:00:00+00:00,1.082617,0.0554,0.0
2026-08-04 11:00:00+00:00,1.082617,0.0554,0.0
2026-08-04 12:00:00+00:00,1.082617,0.0554,0.0
2026-08-04 13:00:00+00:00,1.082617,0.0554,0.0
2026-08-04 14:00:00+00:00,1.082617,0.0554,0.0
2026-08-04 15:00:00+00:00,1.082617,0.0554,0.0
2026-08-04 16:00:00+00:00,1.082617,0.0554,0.0
2026-08-04 17:00:00+00:00,1.082617,0.0554,0.0
2026-08-04 18:00:00+00:00,1.082617,0.0554,0.0
2026-08-04 19:00:00+00:00,1.082617,0.0554,0.0
2026-08-04 20:00:00+00:00,1.082617,0.0554,0.0
2026-08-04 21:00:00+00:00,1.082617,0.0554,0.0
2026-08-04 22:00:00+00:00,1.082617,0.0554,0.0
2026-08-04 23:00:00+00:00,1.082617,0.0554,0.0
2026-08-05 00:00:00+00:00,1.082617,0.0554,0.0
2026-08-05 01:00:00+00:00,1.082617,0.0554,0.0
2026-08-05 02:00:00+00:00,1.082617,0.0554,0.0
2026-08-05 03:00:00+00:00,1.082617,0.0554,0.0
2026-08-05 04:00:00+00:00,1.082617,0.0554,0.0
2026-08-05 05:00:00+00:00,1.082617,0.0554,0.0
2026-08-05 06:00:00+00:00,1.082617,0.0554,0.0
2026-08-05 07:00:00+00:00,1.082617,0.0554,0.0
2026-08-05 08:00:00+00:00,1.082617,0.0554,0.0
2026-08-05 09:00:00+00:00,1.082617,0.0554,0.0
2026-08-05 10:00:00+00:00,1.082617,0.0554,0.0
2026-08-05 11:00:00+00:00,1.082617,0.0554,0.0
2026-08-05 12:00:00+00:00,1.082617,0.0554,0.0
2026-08-05 13:00:00+00:00,1.082617,0.0554,0.0
2026-08-05 14:00:00+00:00,1.082617,0.0554,0.0
2026-08-05 15:00:00+00:00,1.082617,0.0554,0.0
2026-08-05 16:00:00+00:00,1.082617,0.0554,0.0
2026-08-05 17:00:00+00:00,1.082617,0.0554,0.0
2026-08-05 18:00:00+00:00,1.082617,0.0554,0.0
2026-08-05 19:00:00+00:00,1.082617,0.0554,0.0
2026-08-05 20:00:00+00:00,1.082617,0.0554,0.0
2026-08-05 21:00:00+00:00,1.082617,0.0554,0.0
2026-08-05 22:00:00+00:00,1.082617,0.0554,0.0
2026-08-05 23:00:00+00:00,1.082617,0.0554,0.0
2026-08-06 00:00:00+00:00,1.082617,0.0554,0.0
2026-08-06 01:00:00+00:00,1.082617,0.0554,0.0
2026-08-06 02:00:00+00:00,1.082617,0.0554,0.0
2026-08-06 03:00:00+00:00,1.082617,0.0554,0.0
2026-08-06 04:00:00+00:00,1.082617,0.0554,0.0
2026-08-06 05:00:00+00:00,1.082617,0.0554,0.0
2026-08-06 06:00:00+00:00,1.082617,0.0554,0.0
2026-08-06 07:00:00+00:00,1.082617,0.0554,0.0
2026-08-06 08:00:00+00:00,1.082617,0.0554,0.0
