trade_id,entry_time,exit_time,direction,entry_price,exit_price,gross_return_pct,fee_pct,slippage_pct,net_return_pct
1,2026-06-24 17:00:00+00:00,2026-06-24 21:00:00+00:00,LONG,59404.0,61110.0,2.8719,0.08,0.04,2.7519
2,2026-06-25 17:00:00+00:00,2026-06-27 00:00:00+00:00,LONG,59676.01,60059.07,0.6419,0.08,0.04,0.5219
3,2026-06-28 23:00:00+00:00,2026-06-29 03:00:00+00:00,LONG,59577.01,60049.46,0.793,0.08,0.04,0.673
4,2026-06-30 16:00:00+00:00,2026-06-30 19:00:00+00:00,LONG,58497.65,58818.05,0.5477,0.08,0.04,0.4277
5,2026-07-06 12:00:00+00:00,2026-07-06 16:00:00+00:00,LONG,61754.01,63732.0,3.203,0.08,0.04,3.083
6,2026-07-13 05:00:00+00:00,2026-07-13 07:00:00+00:00,LONG,62799.0,62985.52,0.297,0.08,0.04,0.177
7,2026-07-20 09:00:00+00:00,2026-07-20 10:00:00+00:00,LONG,64199.5,64301.18,0.1584,0.08,0.04,0.0384
8,2026-07-23 15:00:00+00:00,2026-07-23 19:00:00+00:00,LONG,64958.36,64846.94,-0.1715,0.08,0.04,-0.2915
9,2026-07-27 15:00:00+00:00,2026-07-27 17:00:00+00:00,LONG,64554.01,65019.81,0.7216,0.08,0.04,0.6016
