cost_bps,fold,test_period,gross_return_pct,total_costs_pct,net_return_pct,sharpe,sortino,max_drawdown,turnover,trades,avg_holding_period_hours
0.0,1,2025-06-08 to 2025-07-07,10.73,0.0,10.73,2.64,4.24,10.58,1.8319,673,27.1
0.0,2,2025-07-09 to 2025-08-07,9.54,0.0,9.54,2.01,2.88,17.09,1.7828,672,28.2
0.0,3,2025-08-09 to 2025-09-07,5.36,0.0,5.36,1.41,2.08,10.59,1.7626,666,28.2
0.0,4,2025-09-08 to 2025-10-07,6.64,0.0,6.64,1.73,2.57,17.57,1.729,676,28.79
0.0,5,2025-10-09 to 2025-11-07,4.23,0.0,4.23,1.09,1.66,18.99,1.6354,674,30.71
5.0,1,2025-06-08 to 2025-07-07,10.6,1.32,9.28,2.34,3.75,10.97,1.8319,673,27.1
5.0,2,2025-07-09 to 2025-08-07,9.43,1.29,8.14,1.78,2.55,17.57,1.7828,672,28.2
5.0,3,2025-08-09 to 2025-09-07,5.3,1.27,4.03,1.14,1.69,10.73,1.7626,666,28.2
5.0,4,2025-09-08 to 2025-10-07,6.56,1.25,5.32,1.46,2.16,17.87,1.729,676,28.79
5.0,5,2025-10-09 to 2025-11-07,4.18,1.18,3.01,0.89,1.35,19.75,1.6354,674,30.71
12.0,1,2025-06-08 to 2025-07-07,10.44,3.17,7.27,1.92,3.07,11.52,1.8319,673,27.1
12.0,2,2025-07-09 to 2025-08-07,9.3,3.08,6.21,1.46,2.09,18.24,1.7828,672,28.2
12.0,3,2025-08-09 to 2025-09-07,5.24,3.05,2.2,0.77,1.14,10.92,1.7626,666,28.2
12.0,4,2025-09-08 to 2025-10-07,6.49,2.99,3.49,1.07,1.59,18.29,1.729,676,28.79
12.0,5,2025-10-09 to 2025-11-07,4.15,2.83,1.32,0.6,0.91,20.8,1.6354,674,30.71
20.0,1,2025-06-08 to 2025-07-07,10.31,5.28,5.03,1.43,2.29,12.31,1.8319,673,27.1
20.0,2,2025-07-09 to 2025-08-07,9.19,5.14,4.05,1.09,1.56,19.0,1.7828,672,28.2
20.0,3,2025-08-09 to 2025-09-07,5.22,5.08,0.14,0.35,0.52,11.9,1.7626,666,28.2
20.0,4,2025-09-08 to 2025-10-07,6.43,4.99,1.45,0.63,0.93,18.81,1.729,676,28.79
20.0,5,2025-10-09 to 2025-11-07,4.14,4.72,-0.58,0.27,0.41,21.99,1.6354,674,30.71
30.0,1,2025-06-08 to 2025-07-07,10.21,7.92,2.28,0.83,1.32,13.35,1.8319,673,27.1
30.0,2,2025-07-09 to 2025-08-07,9.11,7.71,1.4,0.63,0.9,19.93,1.7828,672,28.2
30.0,3,2025-08-09 to 2025-09-07,5.24,7.62,-2.38,-0.17,-0.26,13.35,1.7626,666,28.2
30.0,4,2025-09-08 to 2025-10-07,6.42,7.48,-1.05,0.08,0.11,19.44,1.729,676,28.79
30.0,5,2025-10-09 to 2025-11-07,4.17,7.07,-2.9,-0.14,-0.21,23.45,1.6354,674,30.71
50.0,1,2025-06-08 to 2025-07-07,10.21,13.2,-3.0,-0.37,-0.57,15.39,1.8319,673,27.1
50.0,2,2025-07-09 to 2025-08-07,9.16,12.85,-3.7,-0.29,-0.41,21.77,1.7828,672,28.2
50.0,3,2025-08-09 to 2025-09-07,5.47,12.71,-7.24,-1.2,-1.75,16.18,1.7626,666,28.2
50.0,4,2025-09-08 to 2025-10-07,6.58,12.46,-5.88,-1.02,-1.51,20.79,1.729,676,28.79
50.0,5,2025-10-09 to 2025-11-07,4.4,11.79,-7.39,-0.95,-1.44,26.29,1.6354,674,30.71
