trade_id,entry_time,exit_time,direction,entry_price,exit_price,gross_return_pct,fee_pct,slippage_pct,net_return_pct,fold
1,2025-06-24 18:00:00+00:00,2025-06-24 19:00:00+00:00,LONG,106960.01,107436.6,0.4456,0.08,0.04,0.3256,1
2,2025-06-24 20:00:00+00:00,2025-06-24 21:00:00+00:00,LONG,107313.6,107196.05,-0.1095,0.08,0.04,-0.2295,1
3,2025-06-28 19:00:00+00:00,2025-06-28 21:00:00+00:00,LONG,106803.32,107599.96,0.7459,0.08,0.04,0.6259,1
4,2025-06-29 15:00:00+00:00,2025-06-29 16:00:00+00:00,LONG,106490.42,106605.8,0.1083,0.08,0.04,-0.0117,1
5,2025-07-02 18:00:00+00:00,2025-07-02 22:00:00+00:00,LONG,107970.23,107875.37,-0.0879,0.08,0.04,-0.2079,1
6,2025-07-02 23:00:00+00:00,2025-07-03 01:00:00+00:00,LONG,107489.23,107692.01,0.1887,0.08,0.04,0.0687,1
7,2025-07-03 02:00:00+00:00,2025-07-03 03:00:00+00:00,LONG,107911.2,108254.95,0.3185,0.08,0.04,0.1985,1
8,2025-07-04 05:00:00+00:00,2025-07-04 06:00:00+00:00,LONG,108206.99,108218.25,0.0104,0.08,0.04,-0.1096,1
9,2025-07-05 18:00:00+00:00,2025-07-05 20:00:00+00:00,LONG,108536.84,108292.59,-0.225,0.08,0.04,-0.345,1
10,2025-07-06 03:00:00+00:00,2025-07-06 04:00:00+00:00,LONG,108019.23,108262.94,0.2256,0.08,0.04,0.1056,1
11,2025-07-06 06:00:00+00:00,2025-07-06 09:00:00+00:00,LONG,107705.03,108019.24,0.2917,0.08,0.04,0.1717,1
12,2025-07-06 18:00:00+00:00,2025-07-06 19:00:00+00:00,LONG,109034.61,108376.0,-0.604,0.08,0.04,-0.724,1
13,2025-07-08 00:00:00+00:00,2025-07-08 01:00:00+00:00,LONG,111750.0,110714.97,-0.9262,0.08,0.04,-1.0462,1
14,2025-07-08 21:00:00+00:00,2025-07-08 22:00:00+00:00,LONG,112643.48,113722.82,0.9582,0.08,0.04,0.8382,1
15,2025-07-09 00:00:00+00:00,2025-07-09 01:00:00+00:00,LONG,113301.81,113493.16,0.1689,0.08,0.04,0.0489,1
16,2025-07-10 20:00:00+00:00,2025-07-10 21:00:00+00:00,LONG,117100.01,117191.08,0.0778,0.08,0.04,-0.0422,1
17,2025-07-13 05:00:00+00:00,2025-07-13 06:00:00+00:00,LONG,119497.92,118431.71,-0.8922,0.08,0.04,-1.0122,1
18,2025-07-13 08:00:00+00:00,2025-07-13 12:00:00+00:00,LONG,117148.47,116779.12,-0.3153,0.08,0.04,-0.4353,1
19,2025-07-13 17:00:00+00:00,2025-07-13 22:00:00+00:00,LONG,117204.18,117372.99,0.144,0.08,0.04,0.024,1
20,2025-07-13 23:00:00+00:00,2025-07-14 02:00:00+00:00,LONG,116719.55,117553.92,0.7149,0.08,0.04,0.5949,1
21,2025-07-14 06:00:00+00:00,2025-07-14 08:00:00+00:00,LONG,117724.29,117482.67,-0.2052,0.08,0.04,-0.3252,1
22,2025-07-15 17:00:00+00:00,2025-07-15 18:00:00+00:00,LONG,117867.08,118281.99,0.352,0.08,0.04,0.232,1
23,2025-07-16 18:00:00+00:00,2025-07-16 21:00:00+00:00,LONG,118773.38,117553.42,-1.0271,0.08,0.04,-1.1471,1
24,2025-07-19 03:00:00+00:00,2025-07-19 06:00:00+00:00,LONG,117479.93,117305.86,-0.1482,0.08,0.04,-0.2682,1
25,2025-07-19 10:00:00+00:00,2025-07-19 11:00:00+00:00,LONG,118430.22,119169.25,0.624,0.08,0.04,0.504,1
26,2025-07-19 21:00:00+00:00,2025-07-19 22:00:00+00:00,LONG,117738.44,117847.82,0.0929,0.08,0.04,-0.0271,1
27,2025-07-20 21:00:00+00:00,2025-07-20 22:00:00+00:00,LONG,118681.26,119199.39,0.4366,0.08,0.04,0.3166,1
28,2025-07-21 18:00:00+00:00,2025-07-21 20:00:00+00:00,LONG,117381.44,118567.39,1.0103,0.08,0.04,0.8903,1
29,2025-07-23 06:00:00+00:00,2025-07-23 07:00:00+00:00,LONG,117359.26,116353.67,-0.8568,0.08,0.04,-0.9768,1
30,2025-07-23 17:00:00+00:00,2025-07-23 19:00:00+00:00,LONG,116105.96,114960.01,-0.987,0.08,0.04,-1.107,1
31,2025-07-23 20:00:00+00:00,2025-07-23 22:00:00+00:00,LONG,115727.08,116042.5,0.2726,0.08,0.04,0.1526,1
32,2025-07-24 00:00:00+00:00,2025-07-24 01:00:00+00:00,LONG,116688.6,117040.01,0.3012,0.08,0.04,0.1812,1
33,2025-07-26 12:00:00+00:00,2025-07-26 13:00:00+00:00,LONG,118900.0,119072.45,0.145,0.08,0.04,0.025,1
34,2025-07-26 19:00:00+00:00,2025-07-26 20:00:00+00:00,LONG,117985.93,118174.9,0.1602,0.08,0.04,0.0402,1
35,2025-07-26 22:00:00+00:00,2025-07-26 23:00:00+00:00,LONG,117667.86,117776.56,0.0924,0.08,0.04,-0.0276,1
36,2025-07-27 04:00:00+00:00,2025-07-27 06:00:00+00:00,LONG,118062.32,117774.16,-0.2441,0.08,0.04,-0.3641,1
37,2025-07-27 12:00:00+00:00,2025-07-27 13:00:00+00:00,LONG,118882.37,118923.8,0.0348,0.08,0.04,-0.0852,1
38,2025-07-27 20:00:00+00:00,2025-07-27 22:00:00+00:00,LONG,117400.01,117773.69,0.3183,0.08,0.04,0.1983,1
39,2025-07-28 01:00:00+00:00,2025-07-28 02:00:00+00:00,LONG,117514.28,117606.79,0.0787,0.08,0.04,-0.0413,1
40,2025-07-28 18:00:00+00:00,2025-07-28 19:00:00+00:00,LONG,117675.79,118714.35,0.8826,0.08,0.04,0.7626,1
41,2025-07-28 20:00:00+00:00,2025-07-28 21:00:00+00:00,LONG,118000.01,117734.8,-0.2248,0.08,0.04,-0.3448,1
42,2025-07-29 23:00:00+00:00,2025-07-30 00:00:00+00:00,LONG,117658.8,116785.79,-0.742,0.08,0.04,-0.862,1
43,2025-07-30 06:00:00+00:00,2025-07-30 07:00:00+00:00,LONG,115331.86,115966.12,0.5499,0.08,0.04,0.4299,1
44,2025-07-30 12:00:00+00:00,2025-07-30 14:00:00+00:00,LONG,115081.77,114938.67,-0.1243,0.08,0.04,-0.2443,1
45,2025-07-30 18:00:00+00:00,2025-07-31 00:00:00+00:00,LONG,114352.05,113328.68,-0.8949,0.08,0.04,-1.0149,1
46,2025-07-31 03:00:00+00:00,2025-07-31 04:00:00+00:00,LONG,113141.05,113297.93,0.1387,0.08,0.04,0.0187,1
47,2025-07-31 10:00:00+00:00,2025-07-31 14:00:00+00:00,LONG,113981.06,113690.7,-0.2547,0.08,0.04,-0.3747,1
48,2025-07-31 15:00:00+00:00,2025-07-31 18:00:00+00:00,LONG,113550.89,113457.85,-0.0819,0.08,0.04,-0.2019,1
49,2025-07-31 19:00:00+00:00,2025-07-31 21:00:00+00:00,LONG,113099.89,113200.25,0.0887,0.08,0.04,-0.0313,1
50,2025-07-31 22:00:00+00:00,2025-08-01 01:00:00+00:00,LONG,112724.03,112780.0,0.0497,0.08,0.04,-0.0703,1
51,2025-08-03 08:00:00+00:00,2025-08-03 09:00:00+00:00,LONG,114256.85,114338.06,0.0711,0.08,0.04,-0.0489,1
52,2025-08-03 12:00:00+00:00,2025-08-03 13:00:00+00:00,LONG,113969.7,114281.09,0.2732,0.08,0.04,0.1532,1
53,2025-08-03 17:00:00+00:00,2025-08-03 18:00:00+00:00,LONG,113937.35,114381.43,0.3898,0.08,0.04,0.2698,1
54,2025-08-03 19:00:00+00:00,2025-08-03 21:00:00+00:00,LONG,113037.12,113175.73,0.1226,0.08,0.04,0.0026,1
55,2025-08-06 20:00:00+00:00,2025-08-06 21:00:00+00:00,LONG,116207.69,116193.63,-0.0121,0.08,0.04,-0.1321,1
56,2025-08-09 07:00:00+00:00,2025-08-09 08:00:00+00:00,LONG,121876.0,121728.99,-0.1206,0.08,0.04,-0.2406,1
57,2025-08-09 17:00:00+00:00,2025-08-09 18:00:00+00:00,LONG,119643.7,120010.0,0.3062,0.08,0.04,0.1862,1
58,2025-08-12 11:00:00+00:00,2025-08-12 12:00:00+00:00,LONG,121771.27,121725.31,-0.0377,0.08,0.04,-0.1577,1
59,2025-08-12 17:00:00+00:00,2025-08-12 23:00:00+00:00,LONG,118866.37,118089.75,-0.6534,0.08,0.04,-0.7734,1
60,2025-08-13 00:00:00+00:00,2025-08-13 03:00:00+00:00,LONG,117945.92,118285.46,0.2879,0.08,0.04,0.1679,1
61,2025-08-13 04:00:00+00:00,2025-08-13 05:00:00+00:00,LONG,118295.09,118181.97,-0.0956,0.08,0.04,-0.2156,1
62,2025-08-13 07:00:00+00:00,2025-08-13 10:00:00+00:00,LONG,118698.0,118984.29,0.2412,0.08,0.04,0.1212,1
63,2025-08-13 11:00:00+00:00,2025-08-13 13:00:00+00:00,LONG,119082.82,118878.72,-0.1714,0.08,0.04,-0.2914,1
64,2025-08-13 14:00:00+00:00,2025-08-13 17:00:00+00:00,LONG,118707.99,118648.66,-0.05,0.08,0.04,-0.17,1
65,2025-08-13 19:00:00+00:00,2025-08-13 21:00:00+00:00,LONG,117400.0,117353.36,-0.0397,0.08,0.04,-0.1597,1
66,2025-08-16 05:00:00+00:00,2025-08-16 06:00:00+00:00,LONG,117290.19,116269.54,-0.8702,0.08,0.04,-0.9902,1
67,2025-08-16 14:00:00+00:00,2025-08-16 15:00:00+00:00,LONG,115038.46,115058.58,0.0175,0.08,0.04,-0.1025,1
68,2025-08-16 18:00:00+00:00,2025-08-16 19:00:00+00:00,LONG,114839.13,115633.73,0.6919,0.08,0.04,0.5719,1
69,2025-08-17 00:00:00+00:00,2025-08-17 01:00:00+00:00,LONG,116313.99,116407.99,0.0808,0.08,0.04,-0.0392,1
70,2025-08-17 20:00:00+00:00,2025-08-17 21:00:00+00:00,LONG,113786.38,113388.3,-0.3498,0.08,0.04,-0.4698,1
71,2025-08-18 18:00:00+00:00,2025-08-18 19:00:00+00:00,LONG,112693.15,113465.84,0.6857,0.08,0.04,0.5657,1
72,2025-08-19 19:00:00+00:00,2025-08-19 23:00:00+00:00,LONG,113281.99,112602.62,-0.5997,0.08,0.04,-0.7197,1
73,2025-08-20 07:00:00+00:00,2025-08-20 08:00:00+00:00,LONG,113153.96,112929.24,-0.1986,0.08,0.04,-0.3186,1
74,2025-08-21 17:00:00+00:00,2025-08-21 20:00:00+00:00,LONG,115213.6,114812.87,-0.3478,0.08,0.04,-0.4678,1
75,2025-08-22 21:00:00+00:00,2025-08-22 22:00:00+00:00,LONG,114275.0,114423.42,0.1299,0.08,0.04,0.0099,1
76,2025-08-23 01:00:00+00:00,2025-08-23 02:00:00+00:00,LONG,112770.39,112988.39,0.1933,0.08,0.04,0.0733,1
77,2025-08-23 05:00:00+00:00,2025-08-23 06:00:00+00:00,LONG,112645.1,113066.94,0.3745,0.08,0.04,0.2545,1
78,2025-08-23 08:00:00+00:00,2025-08-23 09:00:00+00:00,LONG,112916.84,112764.0,-0.1354,0.08,0.04,-0.2554,1
79,2025-08-23 11:00:00+00:00,2025-08-23 14:00:00+00:00,LONG,111929.87,111800.01,-0.116,0.08,0.04,-0.236,1
80,2025-08-23 18:00:00+00:00,2025-08-23 19:00:00+00:00,LONG,111491.69,112260.0,0.6891,0.08,0.04,0.5691,1
81,2025-08-23 20:00:00+00:00,2025-08-24 00:00:00+00:00,LONG,112200.64,110716.13,-1.3231,0.08,0.04,-1.4431,1
82,2025-08-24 01:00:00+00:00,2025-08-24 03:00:00+00:00,LONG,109561.96,110153.23,0.5397,0.08,0.04,0.4197,1
83,2025-08-24 05:00:00+00:00,2025-08-24 08:00:00+00:00,LONG,109100.23,109879.56,0.7143,0.08,0.04,0.5943,1
84,2025-08-24 09:00:00+00:00,2025-08-24 10:00:00+00:00,LONG,110100.01,110196.01,0.0872,0.08,0.04,-0.0328,1
85,2025-08-24 11:00:00+00:00,2025-08-24 14:00:00+00:00,LONG,109988.18,110152.89,0.1498,0.08,0.04,0.0298,1
86,2025-08-24 15:00:00+00:00,2025-08-24 23:00:00+00:00,LONG,110216.53,110695.58,0.4346,0.08,0.04,0.3146,1
87,2025-08-26 21:00:00+00:00,2025-08-26 22:00:00+00:00,LONG,112329.44,112387.99,0.0521,0.08,0.04,-0.0679,1
88,2025-08-27 11:00:00+00:00,2025-08-27 12:00:00+00:00,LONG,111279.45,110019.38,-1.1323,0.08,0.04,-1.2523,1
89,2025-08-27 20:00:00+00:00,2025-08-27 21:00:00+00:00,LONG,108386.23,108705.67,0.2947,0.08,0.04,0.1747,1
90,2025-08-28 01:00:00+00:00,2025-08-28 02:00:00+00:00,LONG,107770.78,108450.01,0.6303,0.08,0.04,0.5103,1
91,2025-08-28 05:00:00+00:00,2025-08-28 06:00:00+00:00,LONG,108300.71,107447.97,-0.7874,0.08,0.04,-0.9074,1
92,2025-08-28 08:00:00+00:00,2025-08-28 14:00:00+00:00,LONG,108436.2,108517.63,0.0751,0.08,0.04,-0.0449,1
93,2025-08-28 15:00:00+00:00,2025-08-28 18:00:00+00:00,LONG,108425.99,108531.14,0.097,0.08,0.04,-0.023,1
94,2025-08-29 17:00:00+00:00,2025-08-29 18:00:00+00:00,LONG,108309.2,108418.02,0.1005,0.08,0.04,-0.0195,1
95,2025-08-30 05:00:00+00:00,2025-08-30 06:00:00+00:00,LONG,108222.37,108150.24,-0.0666,0.08,0.04,-0.1866,1
96,2025-08-30 07:00:00+00:00,2025-08-30 09:00:00+00:00,LONG,107617.05,107409.1,-0.1932,0.08,0.04,-0.3132,1
97,2025-08-31 01:00:00+00:00,2025-08-31 02:00:00+00:00,LONG,108877.38,107800.8,-0.9888,0.08,0.04,-1.1088,1
98,2025-08-31 17:00:00+00:00,2025-08-31 18:00:00+00:00,LONG,108795.99,111149.99,2.1637,0.08,0.04,2.0437,1
99,2025-09-02 10:00:00+00:00,2025-09-02 11:00:00+00:00,LONG,110653.07,110393.95,-0.2342,0.08,0.04,-0.3542,1
100,2025-09-02 19:00:00+00:00,2025-09-02 21:00:00+00:00,LONG,109842.01,109438.34,-0.3675,0.08,0.04,-0.4875,1
101,2025-09-07 07:00:00+00:00,2025-09-07 08:00:00+00:00,LONG,111330.71,111708.0,0.3389,0.08,0.04,0.2189,1
102,2025-09-07 19:00:00+00:00,2025-09-07 20:00:00+00:00,LONG,111767.45,110880.76,-0.7933,0.08,0.04,-0.9133,1
103,2025-09-15 23:00:00+00:00,2025-09-16 00:00:00+00:00,LONG,115226.93,115652.02,0.3689,0.08,0.04,0.2489,2
104,2025-09-16 23:00:00+00:00,2025-09-17 00:00:00+00:00,LONG,117822.97,117450.21,-0.3164,0.08,0.04,-0.4364,2
105,2025-09-19 07:00:00+00:00,2025-09-19 09:00:00+00:00,LONG,115690.76,115494.23,-0.1699,0.08,0.04,-0.2899,2
106,2025-09-19 16:00:00+00:00,2025-09-19 17:00:00+00:00,LONG,115603.45,115683.59,0.0693,0.08,0.04,-0.0507,2
107,2025-09-19 21:00:00+00:00,2025-09-19 22:00:00+00:00,LONG,115316.0,115628.18,0.2707,0.08,0.04,0.1507,2
108,2025-09-20 19:00:00+00:00,2025-09-20 20:00:00+00:00,LONG,112933.16,112815.5,-0.1042,0.08,0.04,-0.2242,2
109,2025-09-24 04:00:00+00:00,2025-09-24 09:00:00+00:00,LONG,108994.49,109338.01,0.3152,0.08,0.04,0.1952,2
110,2025-09-24 16:00:00+00:00,2025-09-24 18:00:00+00:00,LONG,109133.5,109669.73,0.4914,0.08,0.04,0.3714,2
111,2025-09-24 20:00:00+00:00,2025-09-24 21:00:00+00:00,LONG,109027.78,109460.01,0.3964,0.08,0.04,0.2764,2
112,2025-09-26 17:00:00+00:00,2025-09-26 18:00:00+00:00,LONG,109314.99,109639.0,0.2964,0.08,0.04,0.1764,2
113,2025-09-27 07:00:00+00:00,2025-09-27 08:00:00+00:00,LONG,111750.02,111857.51,0.0962,0.08,0.04,-0.0238,2
114,2025-10-02 12:00:00+00:00,2025-10-02 13:00:00+00:00,LONG,122324.08,122267.57,-0.0462,0.08,0.04,-0.1662,2
115,2025-10-04 05:00:00+00:00,2025-10-04 07:00:00+00:00,LONG,123347.29,124110.61,0.6188,0.08,0.04,0.4988,2
116,2025-10-09 01:00:00+00:00,2025-10-09 07:00:00+00:00,LONG,114266.82,113196.48,-0.9367,0.08,0.04,-1.0567,2
117,2025-10-09 09:00:00+00:00,2025-10-09 16:00:00+00:00,LONG,112945.79,112280.0,-0.5895,0.08,0.04,-0.7095,2
118,2025-10-09 18:00:00+00:00,2025-10-09 21:00:00+00:00,LONG,112267.86,111846.18,-0.3756,0.08,0.04,-0.4956,2
119,2025-10-09 22:00:00+00:00,2025-10-10 01:00:00+00:00,LONG,112005.57,110244.98,-1.5719,0.08,0.04,-1.6919,2
120,2025-10-10 04:00:00+00:00,2025-10-10 05:00:00+00:00,LONG,110644.4,109641.54,-0.9064,0.08,0.04,-1.0264,2
121,2025-10-10 06:00:00+00:00,2025-10-10 07:00:00+00:00,LONG,109978.56,110119.02,0.1277,0.08,0.04,0.0077,2
122,2025-10-10 12:00:00+00:00,2025-10-10 13:00:00+00:00,LONG,111525.2,111310.9,-0.1922,0.08,0.04,-0.3122,2
123,2025-10-12 18:00:00+00:00,2025-10-12 19:00:00+00:00,LONG,111014.38,111435.21,0.3791,0.08,0.04,0.2591,2
124,2025-10-12 20:00:00+00:00,2025-10-12 22:00:00+00:00,LONG,112900.43,112774.97,-0.1111,0.08,0.04,-0.2311,2
125,2025-10-13 00:00:00+00:00,2025-10-13 01:00:00+00:00,LONG,112613.7,112992.87,0.3367,0.08,0.04,0.2167,2
126,2025-10-14 19:00:00+00:00,2025-10-14 20:00:00+00:00,LONG,110529.34,108549.21,-1.7915,0.08,0.04,-1.9115,2
127,2025-10-15 04:00:00+00:00,2025-10-15 10:00:00+00:00,LONG,108194.28,108381.76,0.1733,0.08,0.04,0.0533,2
128,2025-10-15 11:00:00+00:00,2025-10-16 04:00:00+00:00,LONG,106741.28,106431.68,-0.29,0.08,0.04,-0.41,2
129,2025-10-16 15:00:00+00:00,2025-10-16 16:00:00+00:00,LONG,106924.47,107208.6,0.2657,0.08,0.04,0.1457,2
130,2025-10-19 17:00:00+00:00,2025-10-19 20:00:00+00:00,LONG,108793.4,113422.61,4.255,0.08,0.04,4.135,2
131,2025-10-19 21:00:00+00:00,2025-10-20 06:00:00+00:00,LONG,112565.88,108364.21,-3.7326,0.08,0.04,-3.8526,2
132,2025-10-20 20:00:00+00:00,2025-10-20 22:00:00+00:00,LONG,108416.5,107778.45,-0.5885,0.08,0.04,-0.7085,2
133,2025-10-21 02:00:00+00:00,2025-10-21 04:00:00+00:00,LONG,107207.98,107567.44,0.3353,0.08,0.04,0.2153,2
134,2025-10-24 19:00:00+00:00,2025-10-24 20:00:00+00:00,LONG,113575.36,113694.97,0.1053,0.08,0.04,-0.0147,2
135,2025-10-24 21:00:00+00:00,2025-10-24 22:00:00+00:00,LONG,113517.53,113442.13,-0.0664,0.08,0.04,-0.1864,2
136,2025-10-25 04:00:00+00:00,2025-10-25 05:00:00+00:00,LONG,114559.4,114767.29,0.1815,0.08,0.04,0.0615,2
137,2025-10-28 04:00:00+00:00,2025-10-28 12:00:00+00:00,LONG,110021.29,111366.72,1.2229,0.08,0.04,1.1029,2
138,2025-10-28 13:00:00+00:00,2025-10-28 15:00:00+00:00,LONG,110714.31,110105.75,-0.5497,0.08,0.04,-0.6697,2
139,2025-10-28 17:00:00+00:00,2025-10-29 00:00:00+00:00,LONG,108387.86,106536.39,-1.7082,0.08,0.04,-1.8282,2
140,2025-10-29 04:00:00+00:00,2025-10-29 09:00:00+00:00,LONG,108322.88,110084.02,1.6258,0.08,0.04,1.5058,2
141,2025-10-29 11:00:00+00:00,2025-10-29 12:00:00+00:00,LONG,109650.0,109449.31,-0.183,0.08,0.04,-0.303,2
142,2025-10-30 03:00:00+00:00,2025-10-30 04:00:00+00:00,LONG,109580.09,109608.01,0.0255,0.08,0.04,-0.0945,2
143,2025-11-01 20:00:00+00:00,2025-11-01 22:00:00+00:00,LONG,105745.71,107481.19,1.6412,0.08,0.04,1.5212,2
144,2025-11-01 23:00:00+00:00,2025-11-02 09:00:00+00:00,LONG,106961.62,106750.14,-0.1977,0.08,0.04,-0.3177,2
145,2025-11-02 11:00:00+00:00,2025-11-02 21:00:00+00:00,LONG,104766.14,102257.7,-2.3943,0.08,0.04,-2.5143,2
146,2025-11-02 22:00:00+00:00,2025-11-03 07:00:00+00:00,LONG,101114.83,101677.93,0.5569,0.08,0.04,0.4369,2
147,2025-11-03 09:00:00+00:00,2025-11-03 11:00:00+00:00,LONG,101998.3,102119.99,0.1193,0.08,0.04,-0.0007,2
148,2025-11-03 14:00:00+00:00,2025-11-03 15:00:00+00:00,LONG,101995.29,101401.97,-0.5817,0.08,0.04,-0.7017,2
149,2025-11-04 20:00:00+00:00,2025-11-04 21:00:00+00:00,LONG,102014.48,100867.2,-1.1246,0.08,0.04,-1.2446,2
150,2025-11-05 16:00:00+00:00,2025-11-05 17:00:00+00:00,LONG,100411.89,99638.28,-0.7704,0.08,0.04,-0.8904,2
151,2025-11-06 08:00:00+00:00,2025-11-06 09:00:00+00:00,LONG,102592.76,102565.03,-0.027,0.08,0.04,-0.147,2
152,2025-11-08 19:00:00+00:00,2025-11-08 20:00:00+00:00,LONG,104898.15,105079.99,0.1733,0.08,0.04,0.0533,2
153,2025-11-09 01:00:00+00:00,2025-11-09 02:00:00+00:00,LONG,106010.73,105631.27,-0.3579,0.08,0.04,-0.4779,2
154,2025-11-09 04:00:00+00:00,2025-11-09 05:00:00+00:00,LONG,106011.13,106139.83,0.1214,0.08,0.04,0.0014,2
155,2025-11-09 08:00:00+00:00,2025-11-09 09:00:00+00:00,LONG,106456.0,105755.32,-0.6582,0.08,0.04,-0.7782,2
156,2025-11-11 09:00:00+00:00,2025-11-11 10:00:00+00:00,LONG,102120.0,103135.84,0.9948,0.08,0.04,0.8748,2
157,2025-11-11 12:00:00+00:00,2025-11-11 13:00:00+00:00,LONG,103475.66,103684.06,0.2014,0.08,0.04,0.0814,2
158,2025-11-12 03:00:00+00:00,2025-11-12 05:00:00+00:00,LONG,99851.82,98973.95,-0.8792,0.08,0.04,-0.9992,2
159,2025-11-12 06:00:00+00:00,2025-11-12 21:00:00+00:00,LONG,99255.6,97011.22,-2.2612,0.08,0.04,-2.3812,2
160,2025-11-12 22:00:00+00:00,2025-11-13 06:00:00+00:00,LONG,95842.56,95650.17,-0.2007,0.08,0.04,-0.3207,2
161,2025-11-13 11:00:00+00:00,2025-11-13 15:00:00+00:00,LONG,96121.27,95952.13,-0.176,0.08,0.04,-0.296,2
162,2025-11-13 22:00:00+00:00,2025-11-13 23:00:00+00:00,LONG,96238.5,96052.99,-0.1928,0.08,0.04,-0.3128,2
163,2025-11-15 02:00:00+00:00,2025-11-15 05:00:00+00:00,LONG,93505.22,95290.01,1.9088,0.08,0.04,1.7888,2
164,2025-11-16 05:00:00+00:00,2025-11-16 18:00:00+00:00,LONG,92169.86,91476.56,-0.7522,0.08,0.04,-0.8722,2
165,2025-11-16 19:00:00+00:00,2025-11-16 20:00:00+00:00,LONG,91359.29,92910.1,1.6975,0.08,0.04,1.5775,2
166,2025-11-16 21:00:00+00:00,2025-11-16 22:00:00+00:00,LONG,93499.16,93256.92,-0.2591,0.08,0.04,-0.3791,2
167,2025-11-17 05:00:00+00:00,2025-11-17 06:00:00+00:00,LONG,92416.51,92439.99,0.0254,0.08,0.04,-0.0946,2
168,2025-11-17 18:00:00+00:00,2025-11-17 20:00:00+00:00,LONG,91405.02,89951.7,-1.59,0.08,0.04,-1.71,2
169,2025-11-17 23:00:00+00:00,2025-11-18 01:00:00+00:00,LONG,89237.83,89516.91,0.3127,0.08,0.04,0.1927,2
170,2025-11-18 03:00:00+00:00,2025-11-18 04:00:00+00:00,LONG,90480.56,91554.96,1.1874,0.08,0.04,1.0674,2
171,2025-11-18 11:00:00+00:00,2025-11-18 12:00:00+00:00,LONG,91974.7,92320.18,0.3756,0.08,0.04,0.2556,2
172,2025-11-18 14:00:00+00:00,2025-11-18 15:00:00+00:00,LONG,91950.0,91801.39,-0.1616,0.08,0.04,-0.2816,2
173,2025-11-19 02:00:00+00:00,2025-11-19 03:00:00+00:00,LONG,87282.6,88065.97,0.8975,0.08,0.04,0.7775,2
174,2025-11-19 04:00:00+00:00,2025-11-19 14:00:00+00:00,LONG,86637.23,82207.84,-5.1126,0.08,0.04,-5.2326,2
175,2025-11-19 15:00:00+00:00,2025-11-19 17:00:00+00:00,LONG,82703.61,83285.35,0.7034,0.08,0.04,0.5834,2
176,2025-11-19 18:00:00+00:00,2025-11-19 22:00:00+00:00,LONG,84115.28,84877.07,0.9056,0.08,0.04,0.7856,2
177,2025-11-20 01:00:00+00:00,2025-11-20 02:00:00+00:00,LONG,84571.2,85182.14,0.7224,0.08,0.04,0.6024,2
178,2025-11-20 03:00:00+00:00,2025-11-20 04:00:00+00:00,LONG,84284.42,85129.43,1.0026,0.08,0.04,0.8826,2
179,2025-11-20 05:00:00+00:00,2025-11-20 06:00:00+00:00,LONG,84739.93,85174.28,0.5126,0.08,0.04,0.3926,2
180,2025-11-20 09:00:00+00:00,2025-11-20 10:00:00+00:00,LONG,84246.88,84280.92,0.0404,0.08,0.04,-0.0796,2
181,2025-11-20 15:00:00+00:00,2025-11-20 16:00:00+00:00,LONG,83693.25,84098.94,0.4847,0.08,0.04,0.3647,2
182,2025-11-20 17:00:00+00:00,2025-11-20 18:00:00+00:00,LONG,83884.0,83947.89,0.0762,0.08,0.04,-0.0438,2
183,2025-11-20 20:00:00+00:00,2025-11-20 21:00:00+00:00,LONG,84284.01,84694.66,0.4872,0.08,0.04,0.3672,2
184,2025-11-20 22:00:00+00:00,2025-11-20 23:00:00+00:00,LONG,84554.2,84659.79,0.1249,0.08,0.04,0.0049,2
185,2025-11-21 01:00:00+00:00,2025-11-21 02:00:00+00:00,LONG,84474.41,84411.3,-0.0747,0.08,0.04,-0.1947,2
186,2025-11-21 03:00:00+00:00,2025-11-21 04:00:00+00:00,LONG,85072.88,84739.74,-0.3916,0.08,0.04,-0.5116,2
187,2025-11-22 05:00:00+00:00,2025-11-22 06:00:00+00:00,LONG,86740.64,87068.51,0.378,0.08,0.04,0.258,2
188,2025-11-22 09:00:00+00:00,2025-11-22 10:00:00+00:00,LONG,86738.37,87468.29,0.8415,0.08,0.04,0.7215,2
189,2025-11-23 06:00:00+00:00,2025-11-23 07:00:00+00:00,LONG,87732.83,87909.4,0.2013,0.08,0.04,0.0813,2
190,2025-11-23 08:00:00+00:00,2025-11-23 09:00:00+00:00,LONG,87822.12,88341.14,0.591,0.08,0.04,0.471,2
191,2025-11-23 20:00:00+00:00,2025-11-23 21:00:00+00:00,LONG,86988.94,87121.31,0.1522,0.08,0.04,0.0322,2
192,2025-11-24 00:00:00+00:00,2025-11-24 01:00:00+00:00,LONG,86882.85,87382.7,0.5753,0.08,0.04,0.4553,2
193,2025-11-24 08:00:00+00:00,2025-11-24 09:00:00+00:00,LONG,87119.92,87230.23,0.1266,0.08,0.04,0.0066,2
194,2025-11-24 19:00:00+00:00,2025-11-24 21:00:00+00:00,LONG,86899.73,87820.01,1.059,0.08,0.04,0.939,2
195,2025-11-25 18:00:00+00:00,2025-11-25 20:00:00+00:00,LONG,90852.78,90958.3,0.1161,0.08,0.04,-0.0039,2
196,2025-11-26 22:00:00+00:00,2025-11-27 00:00:00+00:00,LONG,90663.98,91157.44,0.5443,0.08,0.04,0.4243,2
197,2025-11-29 07:00:00+00:00,2025-11-29 08:00:00+00:00,LONG,86722.29,86346.13,-0.4338,0.08,0.04,-0.5538,2
198,2025-11-29 10:00:00+00:00,2025-11-29 12:00:00+00:00,LONG,86001.08,86550.3,0.6386,0.08,0.04,0.5186,2
199,2025-11-29 15:00:00+00:00,2025-11-30 02:00:00+00:00,LONG,86647.73,86436.65,-0.2436,0.08,0.04,-0.3636,2
200,2025-12-06 02:00:00+00:00,2025-12-06 04:00:00+00:00,LONG,90231.32,90395.31,0.1817,0.08,0.04,0.0617,3
201,2025-12-06 06:00:00+00:00,2025-12-06 07:00:00+00:00,LONG,90910.7,91364.18,0.4988,0.08,0.04,0.3788,3
202,2025-12-07 10:00:00+00:00,2025-12-07 11:00:00+00:00,LONG,89899.35,90166.84,0.2975,0.08,0.04,0.1775,3
203,2025-12-07 22:00:00+00:00,2025-12-07 23:00:00+00:00,LONG,93917.99,93920.48,0.0027,0.08,0.04,-0.1173,3
204,2025-12-09 14:00:00+00:00,2025-12-09 15:00:00+00:00,LONG,90234.19,90320.15,0.0953,0.08,0.04,-0.0247,3
205,2025-12-10 19:00:00+00:00,2025-12-10 20:00:00+00:00,LONG,92444.0,89935.14,-2.7139,0.08,0.04,-2.8339,3
206,2025-12-10 23:00:00+00:00,2025-12-11 00:00:00+00:00,LONG,90372.0,90198.22,-0.1923,0.08,0.04,-0.3123,3
207,2025-12-12 19:00:00+00:00,2025-12-12 20:00:00+00:00,LONG,89118.04,89022.91,-0.1067,0.08,0.04,-0.2267,3
208,2025-12-12 21:00:00+00:00,2025-12-12 22:00:00+00:00,LONG,88836.98,88810.67,-0.0296,0.08,0.04,-0.1496,3
209,2025-12-13 00:00:00+00:00,2025-12-13 05:00:00+00:00,LONG,88644.88,88465.9,-0.2019,0.08,0.04,-0.3219,3
210,2025-12-14 06:00:00+00:00,2025-12-14 11:00:00+00:00,LONG,85891.02,86508.0,0.7183,0.08,0.04,0.5983,3
211,2025-12-14 12:00:00+00:00,2025-12-14 13:00:00+00:00,LONG,86021.51,86281.18,0.3019,0.08,0.04,0.1819,3
212,2025-12-14 18:00:00+00:00,2025-12-14 19:00:00+00:00,LONG,86443.02,87297.99,0.9891,0.08,0.04,0.8691,3
213,2025-12-15 18:00:00+00:00,2025-12-15 19:00:00+00:00,LONG,87631.37,89675.85,2.333,0.08,0.04,2.213,3
214,2025-12-15 20:00:00+00:00,2025-12-15 21:00:00+00:00,LONG,87233.44,86986.51,-0.2831,0.08,0.04,-0.4031,3
215,2025-12-16 18:00:00+00:00,2025-12-16 22:00:00+00:00,LONG,88851.7,86483.56,-2.6653,0.08,0.04,-2.7853,3
216,2025-12-17 08:00:00+00:00,2025-12-17 10:00:00+00:00,LONG,86891.39,87139.95,0.2861,0.08,0.04,0.1661,3
217,2025-12-17 12:00:00+00:00,2025-12-17 13:00:00+00:00,LONG,87953.4,88102.78,0.1698,0.08,0.04,0.0498,3
218,2025-12-17 19:00:00+00:00,2025-12-17 20:00:00+00:00,LONG,88180.01,87951.87,-0.2587,0.08,0.04,-0.3787,3
219,2025-12-17 23:00:00+00:00,2025-12-18 00:00:00+00:00,LONG,87155.44,87845.92,0.7922,0.08,0.04,0.6722,3
220,2026-01-06 13:00:00+00:00,2026-01-06 14:00:00+00:00,LONG,90227.25,90010.0,-0.2408,0.08,0.04,-0.3608,3
221,2026-01-12 13:00:00+00:00,2026-01-12 14:00:00+00:00,LONG,94900.01,95088.24,0.1983,0.08,0.04,0.0783,3
222,2026-01-12 15:00:00+00:00,2026-01-12 16:00:00+00:00,LONG,95091.75,94792.99,-0.3142,0.08,0.04,-0.4342,3
223,2026-01-18 12:00:00+00:00,2026-01-18 13:00:00+00:00,LONG,91177.98,91116.0,-0.068,0.08,0.04,-0.188,3
224,2026-01-18 22:00:00+00:00,2026-01-19 08:00:00+00:00,LONG,89775.46,89432.33,-0.3822,0.08,0.04,-0.5022,3
225,2026-01-19 22:00:00+00:00,2026-01-19 23:00:00+00:00,LONG,87932.38,88485.43,0.6289,0.08,0.04,0.5089,3
226,2026-01-20 04:00:00+00:00,2026-01-20 05:00:00+00:00,LONG,89454.73,89908.49,0.5073,0.08,0.04,0.3873,3
227,2026-01-20 23:00:00+00:00,2026-01-21 00:00:00+00:00,LONG,89333.94,89777.9,0.497,0.08,0.04,0.377,3
228,2026-01-23 21:00:00+00:00,2026-01-23 23:00:00+00:00,LONG,88077.26,87420.01,-0.7462,0.08,0.04,-0.8662,3
229,2026-01-26 20:00:00+00:00,2026-01-26 21:00:00+00:00,LONG,89479.66,89629.66,0.1676,0.08,0.04,0.0476,3
230,2026-01-28 00:00:00+00:00,2026-01-28 01:00:00+00:00,LONG,84012.11,84216.91,0.2438,0.08,0.04,0.1238,3
231,2026-01-28 04:00:00+00:00,2026-01-28 05:00:00+00:00,LONG,84650.16,84192.0,-0.5412,0.08,0.04,-0.6612,3
232,2026-01-28 08:00:00+00:00,2026-01-28 15:00:00+00:00,LONG,82676.43,82833.92,0.1905,0.08,0.04,0.0705,3
233,2026-01-28 16:00:00+00:00,2026-01-28 19:00:00+00:00,LONG,83151.36,83098.0,-0.0642,0.08,0.04,-0.1842,3
234,2026-01-28 20:00:00+00:00,2026-01-28 21:00:00+00:00,LONG,82883.94,83149.0,0.3198,0.08,0.04,0.1998,3
235,2026-01-29 00:00:00+00:00,2026-01-29 01:00:00+00:00,LONG,84242.99,83906.34,-0.3996,0.08,0.04,-0.5196,3
236,2026-01-29 20:00:00+00:00,2026-01-29 21:00:00+00:00,LONG,81302.15,80365.04,-1.1526,0.08,0.04,-1.2726,3
237,2026-01-30 03:00:00+00:00,2026-01-30 06:00:00+00:00,LONG,78155.17,78532.17,0.4824,0.08,0.04,0.3624,3
238,2026-01-30 07:00:00+00:00,2026-01-30 08:00:00+00:00,LONG,78900.01,78868.28,-0.0402,0.08,0.04,-0.1602,3
239,2026-01-30 10:00:00+00:00,2026-01-30 11:00:00+00:00,LONG,78620.91,78300.0,-0.4082,0.08,0.04,-0.5282,3
240,2026-01-30 12:00:00+00:00,2026-01-30 13:00:00+00:00,LONG,78343.0,78604.02,0.3332,0.08,0.04,0.2132,3
241,2026-01-30 15:00:00+00:00,2026-01-30 16:00:00+00:00,LONG,78279.73,78743.56,0.5925,0.08,0.04,0.4725,3
242,2026-01-30 18:00:00+00:00,2026-01-30 19:00:00+00:00,LONG,78317.51,78211.12,-0.1358,0.08,0.04,-0.2558,3
243,2026-01-30 20:00:00+00:00,2026-01-30 22:00:00+00:00,LONG,77593.4,77745.32,0.1958,0.08,0.04,0.0758,3
244,2026-01-30 23:00:00+00:00,2026-01-31 05:00:00+00:00,LONG,78029.28,77672.61,-0.4571,0.08,0.04,-0.5771,3
245,2026-01-31 07:00:00+00:00,2026-01-31 14:00:00+00:00,LONG,76491.17,77725.33,1.6135,0.08,0.04,1.4935,3
246,2026-02-01 13:00:00+00:00,2026-02-01 14:00:00+00:00,LONG,78747.96,78400.01,-0.4419,0.08,0.04,-0.5619,3
247,2026-02-02 02:00:00+00:00,2026-02-02 07:00:00+00:00,LONG,76239.43,75963.35,-0.3621,0.08,0.04,-0.4821,3
248,2026-02-02 21:00:00+00:00,2026-02-02 22:00:00+00:00,LONG,73636.01,72576.08,-1.4394,0.08,0.04,-1.5594,3
249,2026-02-03 00:00:00+00:00,2026-02-03 01:00:00+00:00,LONG,73923.29,73516.3,-0.5506,0.08,0.04,-0.6706,3
250,2026-02-03 03:00:00+00:00,2026-02-03 05:00:00+00:00,LONG,72543.38,72868.02,0.4475,0.08,0.04,0.3275,3
251,2026-02-03 06:00:00+00:00,2026-02-03 07:00:00+00:00,LONG,72421.26,71454.44,-1.335,0.08,0.04,-1.455,3
252,2026-02-03 08:00:00+00:00,2026-02-03 17:00:00+00:00,LONG,71223.25,69563.57,-2.3303,0.08,0.04,-2.4503,3
253,2026-02-03 18:00:00+00:00,2026-02-03 20:00:00+00:00,LONG,69688.94,67489.07,-3.1567,0.08,0.04,-3.2767,3
254,2026-02-03 21:00:00+00:00,2026-02-03 23:00:00+00:00,LONG,68295.15,66347.0,-2.8525,0.08,0.04,-2.9725,3
255,2026-02-04 00:00:00+00:00,2026-02-04 01:00:00+00:00,LONG,65265.65,63775.67,-2.2829,0.08,0.04,-2.4029,3
256,2026-02-04 02:00:00+00:00,2026-02-04 09:00:00+00:00,LONG,63213.34,64905.84,2.6774,0.08,0.04,2.5574,3
257,2026-02-04 11:00:00+00:00,2026-02-04 16:00:00+00:00,LONG,64988.26,66631.32,2.5282,0.08,0.04,2.4082,3
258,2026-02-04 21:00:00+00:00,2026-02-04 22:00:00+00:00,LONG,69954.01,70753.53,1.1429,0.08,0.04,1.0229,3
259,2026-02-04 23:00:00+00:00,2026-02-05 00:00:00+00:00,LONG,69776.68,70731.46,1.3683,0.08,0.04,1.2483,3
260,2026-02-05 10:00:00+00:00,2026-02-06 05:00:00+00:00,LONG,70161.5,69133.79,-1.4648,0.08,0.04,-1.5848,3
261,2026-02-07 02:00:00+00:00,2026-02-07 03:00:00+00:00,LONG,70700.0,71066.09,0.5178,0.08,0.04,0.3978,3
262,2026-02-07 05:00:00+00:00,2026-02-07 08:00:00+00:00,LONG,70502.38,71307.56,1.1421,0.08,0.04,1.0221,3
263,2026-02-08 03:00:00+00:00,2026-02-08 04:00:00+00:00,LONG,70372.96,70138.0,-0.3339,0.08,0.04,-0.4539,3
264,2026-02-08 18:00:00+00:00,2026-02-08 20:00:00+00:00,LONG,69027.95,69293.37,0.3845,0.08,0.04,0.2645,3
265,2026-02-09 10:00:00+00:00,2026-02-09 11:00:00+00:00,LONG,67404.28,66820.32,-0.8664,0.08,0.04,-0.9864,3
266,2026-02-09 12:00:00+00:00,2026-02-09 23:00:00+00:00,LONG,67032.72,67275.34,0.3619,0.08,0.04,0.2419,3
267,2026-02-10 02:00:00+00:00,2026-02-10 03:00:00+00:00,LONG,67811.17,67433.14,-0.5575,0.08,0.04,-0.6775,3
268,2026-02-10 06:00:00+00:00,2026-02-10 07:00:00+00:00,LONG,67699.01,67439.14,-0.3839,0.08,0.04,-0.5039,3
269,2026-02-10 13:00:00+00:00,2026-02-10 14:00:00+00:00,LONG,67141.15,67550.47,0.6096,0.08,0.04,0.4896,3
270,2026-02-11 19:00:00+00:00,2026-02-11 20:00:00+00:00,LONG,67733.51,68692.12,1.4153,0.08,0.04,1.2953,3
271,2026-02-11 21:00:00+00:00,2026-02-11 22:00:00+00:00,LONG,68954.69,69047.99,0.1353,0.08,0.04,0.0153,3
272,2026-02-12 16:00:00+00:00,2026-02-12 17:00:00+00:00,LONG,70505.74,69640.2,-1.2276,0.08,0.04,-1.3476,3
273,2026-02-12 18:00:00+00:00,2026-02-12 19:00:00+00:00,LONG,69460.0,69701.66,0.3479,0.08,0.04,0.2279,3
274,2026-02-14 06:00:00+00:00,2026-02-14 07:00:00+00:00,LONG,68630.81,68320.48,-0.4522,0.08,0.04,-0.5722,3
275,2026-02-14 18:00:00+00:00,2026-02-14 22:00:00+00:00,LONG,68395.1,67951.86,-0.6481,0.08,0.04,-0.7681,3
276,2026-02-14 23:00:00+00:00,2026-02-15 00:00:00+00:00,LONG,67860.13,67913.43,0.0785,0.08,0.04,-0.0415,3
277,2026-02-15 07:00:00+00:00,2026-02-15 09:00:00+00:00,LONG,68838.48,68481.67,-0.5183,0.08,0.04,-0.6383,3
278,2026-02-15 19:00:00+00:00,2026-02-15 20:00:00+00:00,LONG,66875.06,67392.05,0.7731,0.08,0.04,0.6531,3
279,2026-02-16 02:00:00+00:00,2026-02-16 03:00:00+00:00,LONG,67680.54,67527.72,-0.2258,0.08,0.04,-0.3458,3
280,2026-02-16 22:00:00+00:00,2026-02-17 03:00:00+00:00,LONG,67187.39,66408.82,-1.1588,0.08,0.04,-1.2788,3
281,2026-02-17 18:00:00+00:00,2026-02-17 19:00:00+00:00,LONG,65913.37,66421.2,0.7705,0.08,0.04,0.6505,3
282,2026-02-18 22:00:00+00:00,2026-02-18 23:00:00+00:00,LONG,67613.37,67924.21,0.4597,0.08,0.04,0.3397,3
283,2026-02-19 00:00:00+00:00,2026-02-19 01:00:00+00:00,LONG,67646.03,67750.4,0.1543,0.08,0.04,0.0343,3
284,2026-02-26 13:00:00+00:00,2026-02-26 16:00:00+00:00,LONG,63473.28,63844.2,0.5844,0.08,0.04,0.4644,4
285,2026-02-26 19:00:00+00:00,2026-02-26 20:00:00+00:00,LONG,64435.61,64841.18,0.6294,0.08,0.04,0.5094,4
286,2026-02-27 13:00:00+00:00,2026-02-27 19:00:00+00:00,LONG,66560.14,66847.8,0.4322,0.08,0.04,0.3122,4
287,2026-02-27 23:00:00+00:00,2026-02-28 00:00:00+00:00,LONG,66316.83,65962.17,-0.5348,0.08,0.04,-0.6548,4
288,2026-02-28 04:00:00+00:00,2026-02-28 06:00:00+00:00,LONG,65776.47,66532.02,1.1487,0.08,0.04,1.0287,4
289,2026-02-28 10:00:00+00:00,2026-02-28 11:00:00+00:00,LONG,66730.78,66204.9,-0.7881,0.08,0.04,-0.9081,4
290,2026-03-01 09:00:00+00:00,2026-03-01 10:00:00+00:00,LONG,68123.2,67947.75,-0.2575,0.08,0.04,-0.3775,4
291,2026-03-01 13:00:00+00:00,2026-03-01 15:00:00+00:00,LONG,67003.3,66860.3,-0.2134,0.08,0.04,-0.3334,4
292,2026-03-01 17:00:00+00:00,2026-03-01 18:00:00+00:00,LONG,67399.85,66931.31,-0.6952,0.08,0.04,-0.8152,4
293,2026-03-01 21:00:00+00:00,2026-03-01 23:00:00+00:00,LONG,68175.9,68628.49,0.6639,0.08,0.04,0.5439,4
294,2026-03-02 02:00:00+00:00,2026-03-02 03:00:00+00:00,LONG,68024.62,68327.2,0.4448,0.08,0.04,0.3248,4
295,2026-03-02 05:00:00+00:00,2026-03-02 08:00:00+00:00,LONG,68093.19,67732.2,-0.5301,0.08,0.04,-0.6501,4
296,2026-03-03 11:00:00+00:00,2026-03-03 12:00:00+00:00,LONG,72553.62,72055.5,-0.6866,0.08,0.04,-0.8066,4
297,2026-03-03 14:00:00+00:00,2026-03-03 15:00:00+00:00,LONG,72591.59,73388.92,1.0984,0.08,0.04,0.9784,4
298,2026-03-03 17:00:00+00:00,2026-03-03 18:00:00+00:00,LONG,72890.73,72467.79,-0.5802,0.08,0.04,-0.7002,4
299,2026-03-03 19:00:00+00:00,2026-03-03 20:00:00+00:00,LONG,72609.29,71652.77,-1.3174,0.08,0.04,-1.4374,4
300,2026-03-03 22:00:00+00:00,2026-03-03 23:00:00+00:00,LONG,70704.41,70990.65,0.4048,0.08,0.04,0.2848,4
301,2026-03-04 07:00:00+00:00,2026-03-04 10:00:00+00:00,LONG,71252.43,70436.19,-1.1456,0.08,0.04,-1.2656,4
302,2026-03-04 11:00:00+00:00,2026-03-04 13:00:00+00:00,LONG,70597.23,70789.49,0.2723,0.08,0.04,0.1523,4
303,2026-03-04 15:00:00+00:00,2026-03-04 18:00:00+00:00,LONG,70527.93,69208.0,-1.8715,0.08,0.04,-1.9915,4
304,2026-03-04 19:00:00+00:00,2026-03-05 03:00:00+00:00,LONG,68409.89,68319.89,-0.1316,0.08,0.04,-0.2516,4
305,2026-03-05 04:00:00+00:00,2026-03-05 07:00:00+00:00,LONG,68114.02,68350.04,0.3465,0.08,0.04,0.2265,4
306,2026-03-05 08:00:00+00:00,2026-03-05 09:00:00+00:00,LONG,68095.5,68063.43,-0.0471,0.08,0.04,-0.1671,4
307,2026-03-05 11:00:00+00:00,2026-03-05 12:00:00+00:00,LONG,67690.86,67842.67,0.2243,0.08,0.04,0.1043,4
308,2026-03-05 13:00:00+00:00,2026-03-05 14:00:00+00:00,LONG,67795.4,68000.0,0.3018,0.08,0.04,0.1818,4
309,2026-03-07 04:00:00+00:00,2026-03-07 05:00:00+00:00,LONG,65971.2,66370.01,0.6045,0.08,0.04,0.4845,4
310,2026-03-07 09:00:00+00:00,2026-03-07 10:00:00+00:00,LONG,67130.14,67911.16,1.1634,0.08,0.04,1.0434,4
311,2026-03-08 23:00:00+00:00,2026-03-09 02:00:00+00:00,LONG,70013.87,69763.01,-0.3583,0.08,0.04,-0.4783,4
312,2026-03-09 04:00:00+00:00,2026-03-09 07:00:00+00:00,LONG,69948.63,69810.72,-0.1972,0.08,0.04,-0.3172,4
313,2026-03-09 13:00:00+00:00,2026-03-09 14:00:00+00:00,LONG,69662.24,69466.75,-0.2806,0.08,0.04,-0.4006,4
314,2026-03-09 17:00:00+00:00,2026-03-09 19:00:00+00:00,LONG,69361.13,70578.7,1.7554,0.08,0.04,1.6354,4
315,2026-03-09 20:00:00+00:00,2026-03-09 22:00:00+00:00,LONG,70227.91,70785.99,0.7947,0.08,0.04,0.6747,4
316,2026-03-10 04:00:00+00:00,2026-03-10 05:00:00+00:00,LONG,70191.86,70225.34,0.0477,0.08,0.04,-0.0723,4
317,2026-03-10 14:00:00+00:00,2026-03-10 15:00:00+00:00,LONG,69952.51,70412.11,0.657,0.08,0.04,0.537,4
318,2026-03-11 21:00:00+00:00,2026-03-11 22:00:00+00:00,LONG,71885.57,71037.93,-1.1792,0.08,0.04,-1.2992,4
319,2026-03-15 20:00:00+00:00,2026-03-15 21:00:00+00:00,LONG,73914.39,74155.69,0.3265,0.08,0.04,0.2065,4
320,2026-03-16 21:00:00+00:00,2026-03-16 22:00:00+00:00,LONG,71314.08,71595.21,0.3942,0.08,0.04,0.2742,4
321,2026-03-16 23:00:00+00:00,2026-03-17 01:00:00+00:00,LONG,71096.74,71214.67,0.1659,0.08,0.04,0.0459,4
322,2026-03-17 02:00:00+00:00,2026-03-17 14:00:00+00:00,LONG,71263.67,70513.0,-1.0534,0.08,0.04,-1.1734,4
323,2026-03-17 16:00:00+00:00,2026-03-17 18:00:00+00:00,LONG,69952.75,69905.65,-0.0673,0.08,0.04,-0.1873,4
324,2026-03-17 19:00:00+00:00,2026-03-17 21:00:00+00:00,LONG,69482.25,69455.86,-0.038,0.08,0.04,-0.158,4
325,2026-03-20 15:00:00+00:00,2026-03-20 16:00:00+00:00,LONG,68648.17,68217.95,-0.6267,0.08,0.04,-0.7467,4
326,2026-03-21 05:00:00+00:00,2026-03-21 06:00:00+00:00,LONG,67669.99,67905.0,0.3473,0.08,0.04,0.2273,4
327,2026-03-21 11:00:00+00:00,2026-03-21 12:00:00+00:00,LONG,67874.19,68333.16,0.6762,0.08,0.04,0.5562,4
328,2026-03-21 16:00:00+00:00,2026-03-21 17:00:00+00:00,LONG,70122.15,70752.15,0.8984,0.08,0.04,0.7784,4
329,2026-03-21 20:00:00+00:00,2026-03-21 21:00:00+00:00,LONG,70131.48,70561.54,0.6132,0.08,0.04,0.4932,4
330,2026-03-22 17:00:00+00:00,2026-03-22 18:00:00+00:00,LONG,70956.48,70100.46,-1.2064,0.08,0.04,-1.3264,4
331,2026-03-23 02:00:00+00:00,2026-03-23 08:00:00+00:00,LONG,70332.93,70716.7,0.5456,0.08,0.04,0.4256,4
332,2026-03-24 15:00:00+00:00,2026-03-24 16:00:00+00:00,LONG,69517.68,69276.01,-0.3476,0.08,0.04,-0.4676,4
333,2026-03-24 21:00:00+00:00,2026-03-24 22:00:00+00:00,LONG,68932.52,68486.86,-0.6465,0.08,0.04,-0.7665,4
334,2026-03-25 16:00:00+00:00,2026-03-25 23:00:00+00:00,LONG,66702.78,65836.69,-1.2984,0.08,0.04,-1.4184,4
335,2026-03-26 01:00:00+00:00,2026-03-26 04:00:00+00:00,LONG,66020.76,66407.28,0.5855,0.08,0.04,0.4655,4
336,2026-03-26 06:00:00+00:00,2026-03-26 07:00:00+00:00,LONG,66178.85,66053.2,-0.1899,0.08,0.04,-0.3099,4
337,2026-03-29 20:00:00+00:00,2026-03-29 21:00:00+00:00,LONG,66736.8,67665.83,1.3921,0.08,0.04,1.2721,4
338,2026-03-30 18:00:00+00:00,2026-03-30 19:00:00+00:00,LONG,68116.07,68593.55,0.701,0.08,0.04,0.581,4
339,2026-03-31 11:00:00+00:00,2026-03-31 12:00:00+00:00,LONG,66681.49,66930.79,0.3739,0.08,0.04,0.2539,4
340,2026-03-31 16:00:00+00:00,2026-03-31 18:00:00+00:00,LONG,66220.28,66270.87,0.0764,0.08,0.04,-0.0436,4
341,2026-03-31 22:00:00+00:00,2026-03-31 23:00:00+00:00,LONG,66679.16,66981.99,0.4542,0.08,0.04,0.3342,4
342,2026-04-06 23:00:00+00:00,2026-04-07 00:00:00+00:00,LONG,71099.63,71318.48,0.3078,0.08,0.04,0.1878,4
343,2026-04-08 03:00:00+00:00,2026-04-08 04:00:00+00:00,LONG,71946.01,71787.97,-0.2197,0.08,0.04,-0.3397,4
344,2026-04-12 04:00:00+00:00,2026-04-12 05:00:00+00:00,LONG,74417.99,74163.82,-0.3415,0.08,0.04,-0.4615,4
345,2026-04-12 21:00:00+00:00,2026-04-12 22:00:00+00:00,LONG,74652.2,74748.9,0.1295,0.08,0.04,0.0095,4
346,2026-04-15 15:00:00+00:00,2026-04-15 16:00:00+00:00,LONG,75278.77,75589.7,0.413,0.08,0.04,0.293,4
347,2026-04-17 12:00:00+00:00,2026-04-17 13:00:00+00:00,LONG,75252.34,75257.6,0.007,0.08,0.04,-0.113,4
348,2026-05-14 02:00:00+00:00,2026-05-14 03:00:00+00:00,LONG,78973.5,79107.38,0.1695,0.08,0.04,0.0495,4
349,2026-05-26 19:00:00+00:00,2026-05-26 20:00:00+00:00,LONG,73033.06,72928.73,-0.1429,0.08,0.04,-0.2629,5
350,2026-05-31 13:00:00+00:00,2026-05-31 14:00:00+00:00,LONG,73872.8,73602.17,-0.3663,0.08,0.04,-0.4863,5
351,2026-06-02 02:00:00+00:00,2026-06-02 04:00:00+00:00,LONG,70846.49,70810.0,-0.0515,0.08,0.04,-0.1715,5
352,2026-06-02 11:00:00+00:00,2026-06-02 12:00:00+00:00,LONG,69461.72,69010.42,-0.6497,0.08,0.04,-0.7697,5
353,2026-06-02 16:00:00+00:00,2026-06-02 17:00:00+00:00,LONG,67413.44,67492.34,0.117,0.08,0.04,-0.003,5
354,2026-06-03 02:00:00+00:00,2026-06-03 03:00:00+00:00,LONG,66620.01,65849.9,-1.156,0.08,0.04,-1.276,5
355,2026-06-03 20:00:00+00:00,2026-06-03 21:00:00+00:00,LONG,65007.27,65768.88,1.1716,0.08,0.04,1.0516,5
356,2026-06-04 07:00:00+00:00,2026-06-04 12:00:00+00:00,LONG,63603.15,63766.82,0.2573,0.08,0.04,0.1373,5
357,2026-06-04 13:00:00+00:00,2026-06-04 14:00:00+00:00,LONG,64230.0,63958.97,-0.422,0.08,0.04,-0.542,5
358,2026-06-04 17:00:00+00:00,2026-06-04 18:00:00+00:00,LONG,63540.97,63819.62,0.4385,0.08,0.04,0.3185,5
359,2026-06-05 06:00:00+00:00,2026-06-05 07:00:00+00:00,LONG,61946.57,63115.99,1.8878,0.08,0.04,1.7678,5
360,2026-06-05 08:00:00+00:00,2026-06-05 09:00:00+00:00,LONG,62454.64,62860.09,0.6492,0.08,0.04,0.5292,5
361,2026-06-05 11:00:00+00:00,2026-06-05 13:00:00+00:00,LONG,61964.99,60732.36,-1.9892,0.08,0.04,-2.1092,5
362,2026-06-05 14:00:00+00:00,2026-06-05 15:00:00+00:00,LONG,60868.97,60438.01,-0.708,0.08,0.04,-0.828,5
363,2026-06-05 17:00:00+00:00,2026-06-05 19:00:00+00:00,LONG,60813.99,60300.24,-0.8448,0.08,0.04,-0.9648,5
364,2026-06-05 21:00:00+00:00,2026-06-06 00:00:00+00:00,LONG,61670.38,61273.29,-0.6439,0.08,0.04,-0.7639,5
365,2026-06-06 04:00:00+00:00,2026-06-06 05:00:00+00:00,LONG,60101.27,60942.38,1.3995,0.08,0.04,1.2795,5
366,2026-06-06 06:00:00+00:00,2026-06-06 07:00:00+00:00,LONG,60786.96,61004.95,0.3586,0.08,0.04,0.2386,5
367,2026-06-07 00:00:00+00:00,2026-06-07 03:00:00+00:00,LONG,60782.01,61701.07,1.5121,0.08,0.04,1.3921,5
368,2026-06-07 12:00:00+00:00,2026-06-07 13:00:00+00:00,LONG,61900.67,61700.13,-0.324,0.08,0.04,-0.444,5
369,2026-06-12 15:00:00+00:00,2026-06-12 16:00:00+00:00,LONG,63593.02,63982.48,0.6124,0.08,0.04,0.4924,5
370,2026-06-15 19:00:00+00:00,2026-06-15 20:00:00+00:00,LONG,66614.35,66519.98,-0.1417,0.08,0.04,-0.2617,5
371,2026-06-18 05:00:00+00:00,2026-06-18 06:00:00+00:00,LONG,63994.0,64083.41,0.1397,0.08,0.04,0.0197,5
372,2026-06-23 09:00:00+00:00,2026-06-23 11:00:00+00:00,LONG,62386.0,62507.06,0.194,0.08,0.04,0.074,5
373,2026-06-23 12:00:00+00:00,2026-06-23 13:00:00+00:00,LONG,62256.6,62475.99,0.3524,0.08,0.04,0.2324,5
374,2026-06-23 18:00:00+00:00,2026-06-23 19:00:00+00:00,LONG,62241.99,62388.49,0.2354,0.08,0.04,0.1154,5
375,2026-06-24 15:00:00+00:00,2026-06-24 17:00:00+00:00,LONG,60250.0,59404.0,-1.4041,0.08,0.04,-1.5241,5
376,2026-06-24 18:00:00+00:00,2026-06-24 19:00:00+00:00,LONG,59599.99,59958.3,0.6012,0.08,0.04,0.4812,5
377,2026-06-24 21:00:00+00:00,2026-06-24 22:00:00+00:00,LONG,61110.0,60873.99,-0.3862,0.08,0.04,-0.5062,5
378,2026-06-25 13:00:00+00:00,2026-06-25 18:00:00+00:00,LONG,58290.17,59512.71,2.0973,0.08,0.04,1.9773,5
379,2026-06-26 06:00:00+00:00,2026-06-26 08:00:00+00:00,LONG,60324.0,60245.67,-0.1298,0.08,0.04,-0.2498,5
380,2026-06-26 10:00:00+00:00,2026-06-26 13:00:00+00:00,LONG,59313.26,60175.43,1.4536,0.08,0.04,1.3336,5
381,2026-06-26 14:00:00+00:00,2026-06-26 15:00:00+00:00,LONG,59590.73,60328.32,1.2378,0.08,0.04,1.1178,5
382,2026-06-26 16:00:00+00:00,2026-06-26 17:00:00+00:00,LONG,60041.75,60023.97,-0.0296,0.08,0.04,-0.1496,5
383,2026-06-27 06:00:00+00:00,2026-06-27 07:00:00+00:00,LONG,60370.62,60548.07,0.2939,0.08,0.04,0.1739,5
384,2026-06-30 17:00:00+00:00,2026-06-30 18:00:00+00:00,LONG,58417.99,58680.87,0.45,0.08,0.04,0.33,5
385,2026-07-13 18:00:00+00:00,2026-07-13 19:00:00+00:00,LONG,62020.0,62288.23,0.4325,0.08,0.04,0.3125,5
386,2026-07-13 21:00:00+00:00,2026-07-13 23:00:00+00:00,LONG,62065.06,62334.52,0.4342,0.08,0.04,0.3142,5
387,2026-07-19 22:00:00+00:00,2026-07-19 23:00:00+00:00,LONG,64674.67,64722.54,0.074,0.08,0.04,-0.046,5
388,2026-07-28 04:00:00+00:00,2026-07-28 06:00:00+00:00,LONG,63350.95,63640.63,0.4573,0.08,0.04,0.3373,5
