rebalance_hours,fold,test_period,gross_return_pct,total_costs_pct,net_return_pct,sharpe,sortino,max_drawdown,turnover,avg_holding_period_hours
18,1,2025-06-08 to 2025-07-07,-2.02,3.58,-5.59,-0.99,-1.42,16.72,2.0687,23.83
18,2,2025-07-09 to 2025-08-07,18.87,4.05,14.82,2.88,4.25,23.4,2.3399,21.26
18,3,2025-08-09 to 2025-09-07,-6.01,4.13,-10.14,-1.67,-2.32,21.62,2.3854,20.63
18,4,2025-09-08 to 2025-10-07,5.21,3.53,1.67,0.68,1.01,23.41,2.0421,24.25
18,5,2025-10-09 to 2025-11-07,-26.14,3.96,-30.1,-5.46,-7.75,40.5,2.2909,21.59
24,1,2025-06-08 to 2025-07-07,10.44,3.17,7.27,1.92,3.07,11.52,1.8319,27.1
24,2,2025-07-09 to 2025-08-07,9.3,3.08,6.21,1.46,2.09,18.24,1.7828,28.2
24,3,2025-08-09 to 2025-09-07,5.24,3.05,2.2,0.77,1.14,10.92,1.7626,28.2
24,4,2025-09-08 to 2025-10-07,6.49,2.99,3.49,1.07,1.59,18.29,1.729,28.79
24,5,2025-10-09 to 2025-11-07,4.15,2.83,1.32,0.6,0.91,20.8,1.6354,30.71
36,1,2025-06-08 to 2025-07-07,11.21,1.89,9.32,2.33,3.42,13.99,1.094,46.07
36,2,2025-07-09 to 2025-08-07,14.78,2.31,12.47,2.64,3.82,17.35,1.3338,38.39
36,3,2025-08-09 to 2025-09-07,-7.07,1.86,-8.93,-1.5,-2.13,16.64,1.0723,47.66
36,4,2025-09-08 to 2025-10-07,6.85,2.04,4.81,1.51,2.33,14.72,1.177,43.19
36,5,2025-10-09 to 2025-11-07,8.62,2.03,6.58,1.43,1.98,25.26,1.1759,43.19
48,1,2025-06-08 to 2025-07-07,17.66,1.85,15.81,3.43,5.47,17.5,1.0692,47.66
48,2,2025-07-09 to 2025-08-07,24.83,1.59,23.25,4.44,6.64,14.87,0.9167,57.58
48,3,2025-08-09 to 2025-09-07,9.6,1.62,7.98,1.82,2.81,12.24,0.9341,55.28
48,4,2025-09-08 to 2025-10-07,22.83,1.86,20.97,4.62,7.21,11.0,1.0748,47.66
48,5,2025-10-09 to 2025-11-07,23.62,1.79,21.83,3.94,6.04,11.29,1.0352,49.36
